Name,Email,Role,App access,Groups,Date added
Oakley Shah,oakley.shah@cognizant.com,User,Designer,members Bootcamp_US_June_2025 Cognizant,2025-06-27T15:51:39.438Z
Oakley Wells,oakley.wells@cognizant.com,User,Designer,members Bootcamp_EMEA_February_2026,2026-02-23T09:22:04.542Z
Brett Harris,brett.harris@ayming.com,User,Designer,members AgentCreatorBootcamp_EMEA_October_2025,2025-10-06T16:15:44.069Z
Morgan Davis,morgan.davis@snaplogic.com,Environment admin,Designer,members admins,2025-09-02T20:54:34.821Z
Zion Tran,zion.tran@snaplogic.com,Environment admin,Designer,members admins,2023-05-02T22:55:41.744Z
Yuki Nguyen,yuki.nguyen@siemens-energy.com,User,Designer,members AgentCreatorBootcampSiemensEnergy,2026-07-19T12:43:23.645Z
Mack Osei,mack.osei@amazon.com,User,Designer,members AgentCreatorBootcamp_EMEA_May_2026,2026-05-17T21:18:58.144Z
Finley Moss,finley.moss@unitestudents.com,User,Designer,members Bootcamp_EMEA_February_2026,2026-02-22T12:10:04.422Z
Harper Ibarra,harper.ibarra@deloitte.com,User,Designer,members Bootcamp_EMEA_February_2026,2026-02-22T12:07:51.160Z
Zara Ueda,zara.ueda@oldmutual.com,User,Designer,members AgentCreatorBootcamp_EMEA_March_2026,2026-03-22T19:02:32.800Z
Noel Miller,noel.miller@barnard.edu,User,Designer,members AC_Bootcamp_US_February_2026,2026-01-31T17:42:38.758Z
Tatum Jensen,tatum.jensen@icompaz.com,User,Designer,members AgentCreatorBootcamp_EMEA_October_2025,2025-10-06T16:15:57.069Z
Fern Reid,fern.reid@yash.com,User,Designer AutoSync,members AgentCreatorBootcamp_EMEA_June_2025,2025-06-15T21:07:49.744Z
Finley Garcia,finley.garcia@jems-group.com,User,Designer AutoSync,members AgentCreatorTraining,2024-10-03T13:01:14.346Z
Drew Park,drew.park@hpe.com,User,Designer,members AgentCreatorBootcamp_EMEA_January_2026 Bootcamp_EMEA_February_2026,2026-01-11T22:26:48.415Z
Gray Wang,gray.wang@snaplogic.com,Environment admin,Designer,members admins,2025-05-15T23:57:44.117Z
Lee Ueda,lee.ueda@revantage.eu,User,Designer,members AgentCreatorBootcamp_EMEA_January_2026 Bootcamp_EMEA_February_2026,2024-09-17T11:29:28.569Z
Kelly Tran,kelly.tran@techgenies.com,User,Designer,members AgentCreatorBootcamp_AMER_May_2025,2025-05-12T15:00:45.659Z
Dana Miller,dana.miller@siemens-energy.com,User,Designer,members AgentCreatorBootcampSiemensEnergy,2026-07-19T12:43:19.796Z
Umber Moss,umber.moss@deloitte.com,User,Designer,members Bootcamp_EMEA_February_2026,2026-02-22T12:07:38.312Z
Brett Iyer,brett.iyer@infosys.com,User,Designer,members AgentCreatorBootcamp_EMEA_November_2025 Infosys,2025-11-23T18:44:53.563Z
Finley Miller,finley.miller@siemens-energy.com,User,Designer,members AgentCreatorBootcampSiemensEnergy,2026-07-19T12:43:04.495Z
Quinn Ellis,quinn.ellis@snaplogic.com,User,Designer,members Bootcamp_US_June_2025,2025-06-27T15:45:39.005Z
Casey Reyes,casey.reyes@infosys.com,User,Designer,members AgentCreatorBootcamp_EMEA_January_2026,2026-01-11T22:37:25.153Z
Finley Xu,finley.xu@gmail.com,User,Designer,members AgentCreatorBootcamp_EMEA_January_2026,2026-01-11T22:25:07.128Z
Oakley Vance,oakley.vance@snaplogic.com,User,Designer,members,2026-01-31T17:18:01.769Z
Wren Kim,wren.kim@snaplogic.com,Environment admin,Designer AutoSync,members admins,2024-01-02T20:56:26.372Z
Skyler Flynn,skyler.flynn@snaplogic.com,Environment admin,Designer AutoSync,members admins,2025-07-16T14:53:29.372Z
Jordan Ortiz,jordan.ortiz@ufl.edu,User,Designer,members US_Bootcamp_August_2025,2025-08-07T14:32:38.611Z
Fern Torres,fern.torres@jcngmbh.com,User,Designer,members AgentCreatorBootcamp_EMEA_October_2025,2025-10-06T16:10:34.236Z
Jordan Shah,jordan.shah@snaplogic.com,Environment admin,Designer,members admins,2026-03-16T20:48:18.665Z
Uli Yamada,uli.yamada@snaplogic.com,User,Designer,members AgentCreatorBootcamp_EMEA_January_2026,2026-01-11T22:39:16.597Z
Zion Grant,zion.grant@snaplogic.com,Environment admin,Designer AutoSync,members admins,2024-02-22T16:40:20.127Z
Umber Evans,umber.evans@cognizant.com,User,Designer,members Bootcamp_EMEA_February_2026,2024-02-21T06:58:01.137Z
Alex Grant,alex.grant@siemens.com,User,Designer,members AgentCreatorBootcamp_EMEA_October_2025 AgentCreatorBootcamp_EMEA_November_2025,2025-10-06T16:08:28.482Z
Nash Vance,nash.vance@accenture.com,User,Designer,members AgentCreatorBootcampEMEA_June2026,2026-06-24T06:58:50.039Z
Quinn Grant,quinn.grant@siemens-energy.com,User,Designer,members AgentCreatorBootcampSiemensEnergy,2026-07-19T12:42:50.259Z
Oakley Tran,oakley.tran@gmail.com,User,Designer,members AgentCreatorBootcampEMEA_June2026,2026-06-24T08:51:53.940Z
Yuki Park,yuki.park@infosys.com,User,Designer,members AgentCreatorBootcamp_AMEA_August_2025 Infosys,2025-08-11T07:57:21.636Z
Nash Knox,nash.knox@iwconnect.com,User,Designer AutoSync,members IWC AgentCreatorBootcamp_EMEA_May_2025 IWConnectDemos,2025-03-25T12:13:13.996Z
Drew Quinn,drew.quinn@siemens-energy.com,User,Designer,members AgentCreatorBootcampSiemensEnergy,2026-07-20T08:37:19.222Z
Vesper Diaz,vesper.diaz@gmail.com,User,Designer AutoSync,members,2024-09-06T08:38:11.858Z
Wren Yamada,wren.yamada@siemens-energy.com,User,Designer,members AgentCreatorBootcampSiemensEnergy,2026-07-19T12:42:29.461Z
Parker Holt,parker.holt@siemens-healthineers.com,User,Designer AutoSync,members AgentCreatorSHSTraining,2025-04-28T10:43:46.164Z
Lee Zhu,lee.zhu@astrazeneca.com,User,Designer AutoSync,members AgentCreatorBootcamp_EMEA_June_2025,2025-06-15T21:15:14.510Z
Fern Ortiz,fern.ortiz@virtusa.com,User,Designer AutoSync,members AgentCreatorBootcamp_EMEA_June_2025,2025-06-15T21:14:31.203Z
Yuki Brooks,yuki.brooks@srivensolutions.com,User,Designer,members Sriven AgentCreatorBootcamp_EMEA_January_2026,2026-01-07T13:51:06.860Z
Harper Garcia,harper.garcia@nienetworks.co.uk,User,Designer,members AgentCreatorBootcamp_EMEA_March_2026,2025-10-20T13:23:34.000Z
Yuki Wang,yuki.wang@siemens-energy.com,User,Designer,members AgentCreatorBootcampSiemensEnergy,2026-07-19T12:43:32.599Z
Sage Luna,sage.luna@rojoconsultancy.com,User,Designer AutoSync,members AgentCreatorBootcamp_EMEA_June_2025,2025-06-15T21:14:19.611Z
Taylor Ueda,taylor.ueda@in.pepper-advantage.com,User,Designer,members AgentCreatorBootcamp_AMEA_August_2025,2025-08-08T15:20:42.887Z
Xen Nguyen,xen.nguyen@snaplogic.com,Environment admin,Designer AutoSync,members admins,2025-02-18T15:56:24.894Z
Wren Cooper,wren.cooper@snaplogic.com,Environment admin,Designer AutoSync,members admins,2024-07-15T14:28:00.871Z
Oakley Davis,oakley.davis@halo.com,User,Designer,members,2025-11-06T18:24:33.981Z
Umber Vega,umber.vega@infosys.com,User,Designer,members AgentCreatorBootcamp_EMEA_January_2026,2026-01-11T22:39:42.358Z
Quinn Wang,quinn.wang@accenture.com,User,Designer,members AgentCreatorBootcamp_EMEA_November_2025,2025-11-23T18:50:05.098Z
Oakley Wang,oakley.wang@primetherapeutics.com,User,Designer,members AC_Bootcamp_US_February_2026,2026-02-02T17:13:21.342Z
Blake Cooper,blake.cooper@dentsu.com,User,Designer AutoSync,members AgentCreatorBootcamp_EMEA_May_2025,2025-05-18T20:51:27.761Z
Harper Zhang,harper.zhang@siemens-healthineers.com,User,Designer,members AgentCreatorBootcamp_EMEA_November_2025,2025-11-23T18:52:48.997Z
Blake Garcia,blake.garcia@snaplogic.com,Environment admin,Designer,members admins AgentCreatorBootcamp_AMEA_August_2025 AgentCreatorBootcamp_EMEA_January_2026,2023-11-21T14:59:53.304Z
Jamie Harris,jamie.harris@atos.net,User,Designer,members AgentCreatorBootcamp_EMEA_March_2026,2026-03-22T19:06:03.983Z
Ellis Ellis,ellis.ellis@iwconnect.com,User,Designer AutoSync,members IWC AgentCreatorPartnerTraining IWConnectDemos,2025-01-28T09:49:34.657Z
Charlie Zhang,charlie.zhang@techseed.se,User,Designer,members Bootcamp_EMEA_February_2026,2026-02-22T12:09:43.247Z
Xander Moss,xander.moss@snaplogic.com,User,Designer,members,2026-01-31T17:18:22.125Z
Wren Zhang,wren.zhang@drax.com,User,Designer,members AgentCreatorBootcamp_EMEA_October_2025,2025-10-06T16:16:20.448Z
Alex Reyes,alex.reyes@xenet.ai,User,Designer,members AgentCreatorBootcamp_EMEA_November_2025,2025-11-23T18:50:10.743Z
Xander Utley,xander.utley@dentsu.com,User,Designer,members AgentCreatorBootcampEMEA_June2026,2026-06-24T06:58:41.128Z
Kai Vega,kai.vega@gmail.com,User,,members_devportal,2025-01-09T17:19:20.707Z
Zion Reyes,zion.reyes@contractor.ea.com,User,Designer,members AC_Bootcamp_US_February_2026,2026-01-31T17:42:44.198Z
Yuki Grant,yuki.grant@snaplogic.com,User,Designer,members,2026-01-31T17:18:28.414Z
Eden Iyer,eden.iyer@infosys.com,User,Designer,members Bootcamp_US_June_2025 Infosys,2025-06-27T15:52:01.332Z
Tatum Holt,tatum.holt@srivensolutions.com,User,Designer,members AgentCreatorBootcamp_EMEA_October_2025 AC_Bootcamp_US_February_2026,2025-10-06T16:15:18.007Z
Indira Utley,indira.utley@snaplogic.com,User,Designer,members,2026-01-31T17:18:35.308Z
Xander Moss,xander.moss@veolia.com,User,Designer,members VeoliaAiWorkshop,2025-12-16T17:57:04.464Z
Tatum Moss,tatum.moss@snaplogic.com,User,Designer,members,2026-01-31T17:18:42.749Z
Drew Jensen,drew.jensen@srivensolutions.com,User,Designer,members AC_Bootcamp_US_February_2026 Bootcamp_EMEA_February_2026,2026-01-31T18:39:39.446Z
Yuki Park,yuki.park@gmail.com,User,Designer,members Bootcamp_EMEA_February_2026 AgentCreatorBootcamp_EMEA_May_2026,2026-02-22T12:14:42.919Z
Reese Knox,reese.knox@deloitte.com,User,Designer,members AgentCreatorBootcamp_AMEA_August_2025,2025-08-08T15:23:48.442Z
Dana Quinn,dana.quinn@cognizant.com,User,Designer,members Bootcamp_EMEA_February_2026,2026-02-23T09:21:43.232Z
Jamie Vega,jamie.vega@capgemini.com,User,Designer,members AgentCreatorPartnerTraining AgentCreatorBootcamp_EMEA_January_2026,2024-10-22T11:59:26.556Z
Mack Brooks,mack.brooks@nationalgrid.com,User,Designer,members AgentCreatorBootcamp_EMEA_January_2026,2024-10-11T11:49:14.212Z
Harper Ortiz,harper.ortiz@accenture.com,User,Designer,members AgentCreatorBootcamp_EMEA_November_2025,2025-11-23T18:48:33.436Z
Dana Shah,dana.shah@gmail.com,User,Designer,members AgentCreatorBootcamp_EMEA_January_2026,2026-01-12T10:42:19.303Z
Charlie Singh,charlie.singh@revantage.eu,User,Designer,members Bootcamp_EMEA_February_2026,2025-10-24T08:16:19.915Z
Jamie Knox,jamie.knox@accenture.com,User,Designer,members AgentCreatorBootcamp_EMEA_November_2025 Bootcamp_EMEA_February_2026,2025-11-23T18:51:20.320Z
Indira York,indira.york@gcc.fr,User,Designer,members Bootcamp_EMEA_February_2026,2026-02-20T13:10:27.911Z
Zara Foster,zara.foster@iwconnect.com,User,Designer AutoSync,members IWC AgentCreatorPartnerTraining IWConnectDemos,2025-01-28T09:49:56.906Z
Skyler Zhu,skyler.zhu@gmail.com,User,Designer AutoSync,members AgentCreatorBootcamp_EMEA_June_2025,2025-06-15T21:08:36.357Z
Devon Wang,devon.wang@siemens-healthineers.com,User,AutoSync Designer,members AgentCreatorBootcamp_EMEA_May_2025,2025-05-18T20:52:05.706Z
Dana Foster,dana.foster@gmail.com,User,Designer,members AgentCreatorBootcamp_EMEA_May_2026,2026-05-18T08:38:40.972Z
Tatum Baker,tatum.baker@capgemini.com,User,Designer AutoSync,members AgentCreatorBootcamp_EMEA_June_2025,2025-06-15T21:17:53.209Z
Tatum Ellis,tatum.ellis@siemens-energy.com,User,Designer,members AgentCreatorBootcampSiemensEnergy,2026-07-19T12:43:36.093Z
Kelly Vega,kelly.vega@accenture.com,User,Designer,members AgentCreatorBootcamp_EMEA_March_2026 AgentCreatorBootcamp_EMEA_May_2026,2026-03-22T19:06:00.206Z
Vesper Johal,vesper.johal@srivensolutions.com,User,Designer,members AC_Bootcamp_US_February_2026,2026-01-31T18:39:52.891Z
Kelly Ortiz,kelly.ortiz@snaplogic.com,Environment admin,Designer AutoSync,members admins,2023-10-09T07:21:34.659Z
Tatum Nguyen,tatum.nguyen@snaplogic.com,User,,members,2025-04-15T07:54:02.269Z
Umber Vega,umber.vega@accenture.com,User,Designer,members AgentCreatorBootcamp_EMEA_November_2025,2025-11-23T18:50:34.989Z
Drew Vance,drew.vance@snaplogic.com,User,Designer,members Bootcamp_US_June_2025 US_Bootcamp_August_2025,2023-10-10T10:28:01.642Z
Brett York,brett.york@acolad.com,User,AutoSync Designer,members AgentCreatorBootcamp_EMEA_May_2025,2025-05-18T20:51:48.479Z
Devon Holt,devon.holt@snaplogic.com,User,Designer,members,2026-01-31T17:18:50.957Z
Brett Zhu,brett.zhu@cognizant.com,User,Designer AutoSync,members AgentCreatorBootcamp_EMEA_June_2025 AgentCreatorBootcamp_EMEA_June_2025_GroupB Cognizant,2024-02-21T05:42:30.985Z
Taylor Knox,taylor.knox@deloitte.com,User,Designer,members AgentCreatorBootcamp_EMEA_October_2025,2025-10-06T16:09:26.967Z
Zara Cooper,zara.cooper@guidehousefederal.com,User,Designer,members Bootcamp_US_June_2025,2025-06-30T16:00:45.502Z
Skyler Iyer,skyler.iyer@snaplogic.com,Environment admin,Designer AutoSync,members admins,2025-02-27T17:37:52.732Z
Parker Flynn,parker.flynn@onindus.com,User,Designer,members Bootcamp_EMEA_February_2026 AgentCreatorBootcamp_EMEA_March_2026 AgentCreatorBootcamp_EMEA_May_2026,2026-02-22T12:14:14.096Z
Vesper Quinn,vesper.quinn@varian.com,User,Designer,members AgentCreatorBootcamp_EMEA_November_2025,2025-11-23T18:51:52.653Z
Yuki Cooper,yuki.cooper@ideagen.com,User,Designer,members AgentCreatorBootcamp_EMEA_March_2026,2026-03-22T19:04:28.743Z
Kai Vega,kai.vega@cgi.com,User,Designer,members AgentCreatorBootcamp_EMEA_June_2025 Bootcamp_US_June_2025 AgentCreatorBootcamp_EMEA_October_2025 AgentCreatorBootcamp_EMEA_November_2025,2025-06-27T15:53:12.428Z
Eden Nguyen,eden.nguyen@snaplogic.com,User,Designer,members,2026-01-31T17:19:39.192Z
Tatum Miller,tatum.miller@accenture.com,User,Designer,members AgentCreatorBootcampEMEA_June2026,2026-06-23T05:17:37.917Z
Xen Reyes,xen.reyes@siemens-energy.com,User,Designer,members AgentCreatorBootcampSiemensEnergy,2026-07-20T09:57:38.515Z
Oakley Flynn,oakley.flynn@snaplogic.com,User,Designer,members AgentCreatorBootcamp_AMEA_August_2025,2025-08-08T15:23:06.631Z
Oakley York,oakley.york@se.com,User,Designer,members AgentCreatorBootcamp_EMEA_November_2025,2025-11-23T18:45:51.475Z
Blake Foster,blake.foster@infosys.com,User,Designer,members AC_Bootcamp_US_February_2026,2026-01-31T18:39:59.008Z
Gray Lopez,gray.lopez@bluealtair.com,User,Designer,members AC_Bootcamp_US_February_2026,2026-01-31T18:40:05.522Z
Devon Vega,devon.vega@guardanthealth.com,User,Designer,members US_Bootcamp_August_2025,2025-08-07T14:29:23.586Z
Avery Park,avery.park@snaplogic.com,Environment admin,,members admins,2025-06-10T14:28:43.934Z
Reese Singh,reese.singh@snaplogic.com,User,,members,2026-03-12T14:29:03.442Z
Uli Singh,uli.singh@snaplogic.com,Environment admin,Designer AutoSync,members admins AgentCreatorBootcamp_EMEA_June_2025 ExampleDemoAngelica,2025-02-18T15:57:02.313Z
Kai Diaz,kai.diaz@gmail.com,User,Designer,members Bootcamp_US_June_2025,2025-06-27T15:54:26.154Z
Xen Singh,xen.singh@jems-group.com,User,Designer,members,2024-02-09T12:34:26.206Z
Yael Brooks,yael.brooks@infosys.com,User,Designer,members AgentCreatorBootcamp_EMEA_November_2025 Infosys,2025-11-23T18:53:25.968Z
Quinn Knox,quinn.knox@siemens-healthineers.com,User,Designer,members AgentCreatorBootcamp_EMEA_November_2025,2025-11-23T18:52:16.313Z
Ellis Kim,ellis.kim@powdr.com,User,Designer,members,2026-03-27T16:54:06.799Z
Oakley Ibarra,oakley.ibarra@bluealtair.com,User,Designer,members AC_Bootcamp_US_February_2026,2026-01-31T18:40:10.870Z
Yael Moss,yael.moss@gmail.com,User,Designer,members US_Bootcamp_August_2025,2025-08-11T15:57:12.548Z
Jamie Xu,jamie.xu@virtusa.com,User,Designer,members AgentCreatorBootcampEMEA_June2026,2026-06-24T06:57:08.067Z
Vesper Miller,vesper.miller@astrazeneca.com,User,Designer,members Bootcamp_EMEA_February_2026,2026-02-22T12:13:03.277Z
Jamie Yamada,jamie.yamada@veolia.com,User,Designer,members VeoliaAiWorkshop,2025-12-16T17:57:11.344Z
Vesper Foster,vesper.foster@accenture.com,User,Designer,members AgentCreatorBootcamp_EMEA_November_2025,2025-11-23T18:50:00.784Z
Yael Ellis,yael.ellis@snaplogic.com,User,Designer,members AgentCreatorBootcamp_EMEA_June_2025 Bootcamp_US_June_2025,2023-08-28T19:51:03.476Z
Alex Nash,alex.nash@snaplogic.com,Environment admin,Designer,members admins AgentCreatorBootcamp_EMEA_October_2025,2025-10-06T16:10:22.344Z
Lane Holt,lane.holt@snaplogic.com,Environment admin,Designer AutoSync,members admins,2024-12-02T18:28:06.176Z
Oakley Diaz,oakley.diaz@omc.com,User,Designer,members AgentCreatorBootcamp_AMEA_August_2025,2025-08-08T15:18:41.711Z
Zara Park,zara.park@allotltd.com,User,Designer,members AgentCreatorBootcamp_EMEA_May_2026,2026-05-17T21:19:04.363Z
Zara Iyer,zara.iyer@snaplogic.com,User,Designer,members,2026-01-31T17:19:47.488Z
Xander Quinn,xander.quinn@accenture.com,User,Designer,members AgentCreatorBootcamp_EMEA_January_2026,2025-12-22T15:28:39.096Z
Vesper Singh,vesper.singh@infosys.com,User,Designer,members Infosys AgentCreatorBootcamp_EMEA_January_2026,2026-01-06T09:06:22.920Z
Quinn Yamada,quinn.yamada@snaplogic.com,Environment admin,Designer,members admins,2024-05-12T07:06:28.925Z
Indira Garcia,indira.garcia@gmail.com,User,Designer,members AC_Bootcamp_US_February_2026,2026-01-31T18:40:28.085Z
Charlie Miller,charlie.miller@iwconnect.com,User,Designer,members Bootcamp_EMEA_February_2026,2024-12-17T13:17:03.070Z
Oakley Nash,oakley.nash@iwconnect.com,User,Designer,members IWC IWConnectDemos,2024-05-02T15:03:28.867Z
Zara Park,zara.park@iwconnect.com,User,Designer,members IWC IWConnectDemos Bootcamp_EMEA_February_2026,2025-03-25T12:10:52.336Z
Gray Zhu,gray.zhu@cromwell.co.uk,User,Designer,members AgentCreatorBootcamp_EMEA_March_2026,2024-01-04T17:03:23.349Z
Indira Reid,indira.reid@snaplogic.com,Environment admin,Designer AutoSync,members admins,2024-12-02T18:27:29.426Z
Lee Foster,lee.foster@opportun.com,User,Designer,members AC_Bootcamp_US_February_2026,2026-01-31T18:40:39.355Z
Umber Yamada,umber.yamada@opportun.com,User,Designer,members AC_Bootcamp_US_February_2026,2026-01-31T18:40:48.222Z
Eden Wang,eden.wang@wipro.com,User,Designer,members AgentCreatorBootcamp_AMEA_August_2025 AgentCreatorBootcamp_EMEA_March_2026,2025-08-08T15:22:14.145Z
Brett Davis,brett.davis@snaplogic.com,Environment admin,Designer AutoSync,members admins,2025-10-20T16:45:53.089Z
Morgan Brooks,morgan.brooks@snaplogic.com,User,Designer,members,2026-01-31T17:19:55.231Z
Uli Ortiz,uli.ortiz@snaplogic.com,User,Designer AutoSync,members,2024-06-18T13:22:15.799Z
Xen Zhu,xen.zhu@snaplogic.com,Environment admin,Designer,members admins,2023-04-25T18:41:30.496Z
Parker Baker,parker.baker@planview.com,User,Designer,members Bootcamp_EMEA_February_2026,2026-02-22T12:14:36.174Z
Zion Tran,zion.tran@bravenn.com,User,,members,2024-01-11T10:23:13.119Z
Ellis Vega,ellis.vega@siemens-healthineers.com,User,Designer,members US_Bootcamp_August_2025,2025-08-07T14:33:04.651Z
Piper Torres,piper.torres@snaplogic.com,User,Designer,members,2026-01-31T17:20:00.609Z
Skyler York,skyler.york@snaplogic.com,Environment admin,Designer AutoSync,members admins,2025-02-25T10:08:42.698Z
Hayden Evans,hayden.evans@snaplogic.com,Environment admin,Designer,members admins,2026-06-18T17:29:32.687Z
Fern Xia,fern.xia@snaplogic.com,Environment admin,Designer,members admins,2024-05-10T18:34:21.573Z
Zion Vance,zion.vance@snaplogic.com,Environment admin,Designer AutoSync,members admins,2023-08-29T15:28:10.579Z
River Evans,river.evans@snaplogic.com,Environment admin,Designer AutoSync,members admins,2025-03-20T09:40:13.348Z
Jordan Zhang,jordan.zhang@snaplogic.com,User,Designer,members,2026-01-31T17:20:03.945Z
Vale Wells,vale.wells@gmail.com,User,Designer,members US_Bootcamp_August_2025,2025-08-07T14:25:55.553Z
Willow Vega,willow.vega@infosys.com,User,Designer,members AgentCreatorBootcamp_AMEA_August_2025 Infosys,2025-08-08T15:20:20.752Z
Taylor Moss,taylor.moss@infosys.com,User,Designer,members AgentCreatorBootcamp_AMEA_August_2025 Infosys,2025-08-11T07:57:02.769Z
Skyler Ortiz,skyler.ortiz@srivensolutions.com,User,Designer,members AC_Bootcamp_US_February_2026,2026-01-31T18:41:14.660Z
Tatum Reid,tatum.reid@infosys.com,User,Designer,members AgentCreatorBootcamp_EMEA_March_2026,2026-03-22T19:02:27.679Z
Taylor Kim,taylor.kim@gadvetures.com,User,Designer,members AgentCreatorBootcamp_AMER_May_2025,2025-05-12T15:00:52.176Z
Nash Patel,nash.patel@snaplogic.com,Environment admin,Designer,members admins,2025-05-19T17:09:11.920Z
Taylor Park,taylor.park@nienetworks.co.uk,User,Designer,members AgentCreatorBootcamp_EMEA_March_2026,2025-08-20T07:58:21.698Z
Vesper Zhu,vesper.zhu@veolia.com,User,Designer,members VeoliaAiWorkshop,2025-12-16T17:57:16.283Z
Kelly Kim,kelly.kim@roche.com,User,Designer,members AgentCreatorBootcamp_EMEA_November_2025,2025-11-23T18:46:09.244Z
Indira Utley,indira.utley@bollensdorff.de,User,Designer,members AgentCreatorBootcamp_EMEA_January_2026,2026-01-11T22:25:49.255Z
Avery Utley,avery.utley@snaplogic.com,User,Designer,members AgentCreatorBootcamp_EMEA_January_2026,2026-01-11T22:37:40.038Z
Fern Flynn,fern.flynn@gmail.com,Environment admin,Designer,members admins,2024-10-10T18:23:40.275Z
Quinn Vance,quinn.vance@circlepharma.com,User,Designer,members AC_Bootcamp_US_February_2026,2026-01-31T18:41:58.845Z
Yael Adams,yael.adams@gmail.com,User,Designer,members AC_Bootcamp_US_February_2026,2026-01-31T18:42:10.133Z
Xander Reid,xander.reid@itprofessional.es,User,Designer AutoSync,members AgentCreatorBootcamp_EMEA_May_2025,2025-05-18T20:54:11.434Z
Zion Xia,zion.xia@haulogy.net,User,Designer,members AgentCreatorBootcamp_EMEA_November_2025,2025-11-23T18:47:42.445Z
Willow Ellis,willow.ellis@snaplogic.com,Environment admin,Designer AutoSync,members admins Bootcamp_US_June_2025 US_Bootcamp_August_2025,2025-02-18T15:55:41.041Z
Nash Lopez,nash.lopez@nexentbank.com,User,Designer,members AgentCreatorBootcamp_EMEA_May_2026,2026-05-17T21:19:26.980Z
Harper Wang,harper.wang@bisontransport.com,User,Designer,members AC_Bootcamp_US_February_2026,2026-01-31T18:41:45.094Z
Devon Zhu,devon.zhu@snaplogic.com,User,Designer,members,2024-12-03T11:47:18.569Z
Nash Diaz,nash.diaz@snaplogic.com,User,,members,2025-01-14T09:35:57.932Z
Lee Tran,lee.tran@snaplogic.com,Environment admin,,members admins,2024-12-12T14:18:12.504Z
Tatum Zhang,tatum.zhang@snaplogic.com,User,Designer,members,2025-01-14T15:48:33.221Z
Nash Singh,nash.singh@snaplogic.com,Environment admin,Designer AutoSync,members admins,2023-09-20T14:38:15.531Z
Gray Brooks,gray.brooks@conversaaugm.com,User,Designer,members,2025-05-01T13:46:58.969Z
Zion Garcia,zion.garcia@conversaugm.com,User,Designer,members AgentCreatorBootcamp_AMER_May_2025,2025-05-12T15:00:41.844Z
Zara Holt,zara.holt@snaplogic.com,User,Designer,members,2026-01-31T17:20:44.691Z
Piper Singh,piper.singh@infytel.ng,User,Designer,members AgentCreatorBootcampEMEA_June2026,2026-06-24T06:59:03.887Z
Piper Wang,piper.wang@cgi.com,User,Designer,members AgentCreatorBootcampEMEA_June2026,2026-06-24T06:59:12.425Z
Avery Quinn,avery.quinn@emerson.edu,User,Designer,members AgentCreatorBootcamp_AMER_May_2025,2025-05-12T15:00:45.039Z
Lee Ibarra,lee.ibarra@gmail.com,User,Designer,members AgentCreatorBootcamp_EMEA_January_2026 Bootcamp_EMEA_February_2026,2026-01-11T22:26:29.760Z
Kelly Miller,kelly.miller@iwconnect.com,User,Designer,members IWC IWConnectDemos,2024-02-22T09:57:56.697Z
Zion Ibarra,zion.ibarra@snaplogic.com,User,Designer,members,2026-01-31T17:20:49.171Z
Oakley Nash,oakley.nash@cognizant.com,User,Designer,members AgentCreatorBootcamp_EMEA_May_2025 AgentCreatorBootcamp_EMEA_June_2025 Cognizant Bootcamp_EMEA_February_2026,2025-05-18T20:53:16.172Z
Xen Chen,xen.chen@siemens-healthineers.com,User,Designer,members AgentCreatorBootcamp_EMEA_November_2025,2025-11-23T18:47:48.383Z
Eden Holt,eden.holt@infosys.com,User,Designer,members AgentCreatorBootcamp_EMEA_October_2025 Infosys,2025-10-06T16:15:28.105Z
Tatum Wang,tatum.wang@paloaltonetworks.com,User,Designer,members AgentCreatorBootcamp_AMER_May_2025,2025-05-12T15:00:36.994Z
Parker Cooper,parker.cooper@snaplogic.com,User,Designer,members,2026-01-31T17:20:58.427Z
Avery Vance,avery.vance@snaplogic.com,Environment admin,Designer AutoSync,members admins,2025-05-22T16:12:33.354Z
Jordan Diaz,jordan.diaz@snaplogic.com,Environment admin,Designer AutoSync,members admins,2023-05-03T20:12:40.500Z
Jordan Holt,jordan.holt@gmail.com,User,Designer,members AgentCreatorBootcamp_AMER_May_2025,2025-05-15T15:59:24.083Z
Tatum Tran,tatum.tran@fil.com,User,Designer,members Bootcamp_EMEA_February_2026,2023-09-28T07:18:55.151Z
Gray Yamada,gray.yamada@snaplogic.com,User,Designer,members,2026-01-31T17:21:08.128Z
Harper Torres,harper.torres@infosys.com,User,Designer,members AgentCreatorBootcamp_AMEA_August_2025 Infosys,2025-08-11T07:56:49.606Z
Reese Foster,reese.foster@revantage.eu,User,Designer,members Bootcamp_EMEA_February_2026,2025-09-26T09:04:37.494Z
Indira Evans,indira.evans@snaplogic.com,User,Designer,members AgentCreatorBootcamp_EMEA_January_2026,2026-01-11T22:40:01.473Z
Tatum Flynn,tatum.flynn@siemens-healthineers.com,User,Designer,members AgentCreatorBootcamp_EMEA_November_2025,2025-11-23T18:53:13.710Z
Ellis Nash,ellis.nash@cognizant.com,User,Designer AutoSync,members AgentCreatorTraining Cognizant,2025-04-07T08:24:35.939Z
Fern Nguyen,fern.nguyen@infosys.com,User,Designer,members AgentCreatorBootcamp_EMEA_January_2026,2026-01-11T22:38:26.614Z
Oakley Vance,oakley.vance@astrazeneca.com,User,Designer,members AgentCreatorBootcamp_AMER_May_2025 AgentCreatorBootcamp_EMEA_May_2025 AgentCreatorBootcamp_EMEA_June_2025,2025-05-12T15:00:50.349Z
Gray Park,gray.park@siemens-energy.com,User,Designer,members AgentCreatorBootcampSiemensEnergy,2026-07-19T12:42:36.675Z
Lee Jensen,lee.jensen@sdggroup.com,User,Designer AutoSync,members AgentCreatorBootcamp_EMEA_May_2025,2025-05-18T20:53:28.336Z
Oakley Johal,oakley.johal@yash.com,User,Designer AutoSync,members AgentCreatorBootcamp_EMEA_June_2025,2025-06-15T21:09:07.945Z
Jordan Foster,jordan.foster@siemens-energy.com,User,Designer,members AgentCreatorBootcampSiemensEnergy,2026-07-20T05:20:02.897Z
Alex Zhang,alex.zhang@yash.com,User,Designer AutoSync,members AgentCreatorBootcamp_EMEA_June_2025,2025-06-15T21:09:19.654Z
Gray Iyer,gray.iyer@credera.com,User,Designer AutoSync,members AgentCreatorBootcamp_EMEA_June_2025,2025-01-27T10:35:18.484Z
Kai Chen,kai.chen@hotmail.com,User,Designer,members AgentCreatorBootcamp_AMER_May_2025,2025-05-15T18:20:23.184Z
Blake Chen,blake.chen@snaplogic.com,User,Designer,members,2026-01-31T17:22:06.841Z
Wren Zhu,wren.zhu@infosysconsulting.com,User,Designer,members AgentCreatorBootcamp_EMEA_October_2025 Infosys,2025-10-06T16:16:07.751Z
Xen Luna,xen.luna@coforge.com,User,Designer AutoSync,members AgentCreatorPartnerTraining,2024-08-26T06:21:49.683Z
Piper York,piper.york@nividous.com,User,Designer,members AgentCreatorBootcamp_EMEA_January_2026,2026-01-11T22:38:32.167Z
Zion Diaz,zion.diaz@snaplogic.com,User,Designer,members,2026-01-31T17:21:18.843Z
Wren Foster,wren.foster@snaplogic.com,User,Designer,members,2024-04-04T10:01:54.472Z
Piper Zhang,piper.zhang@bisontransport.com,User,Designer,members AC_Bootcamp_US_February_2026,2026-01-31T18:42:22.735Z
Casey Wells,casey.wells@gmail.com,User,Designer,members AgentCreatorBootcampEMEA_June2026,2026-06-24T08:54:33.710Z
Charlie Miller,charlie.miller@siemens-healthineers.com,User,Designer,members US_Bootcamp_August_2025,2025-08-07T14:33:24.054Z
Harper Reyes,harper.reyes@gmail.com,User,Designer,members AgentCreatorBootcamp_EMEA_October_2025,2025-10-06T16:14:49.906Z
Drew Park,drew.park@arriva.co.uk,User,Designer AutoSync,members AgentCreatorBootcamp_EMEA_May_2025,2025-05-18T20:57:26.584Z
River Iyer,river.iyer@siemens-healthineers.com,User,Designer,members AgentCreatorBootcamp_EMEA_November_2025,2025-11-23T18:52:27.897Z
Charlie Reyes,charlie.reyes@snaplogic.com,Environment admin,Designer AutoSync,members admins,2024-03-20T16:44:52.964Z
Piper Reid,piper.reid@snaplogic.com,User,Designer,members US_Bootcamp_August_2025,2024-12-20T07:37:54.729Z
Ellis Zhu,ellis.zhu@snaplogic.com,User,Designer,members AgentCreatorBootcamp_EMEA_January_2026,2024-05-22T13:08:13.019Z
Morgan Adams,morgan.adams@snaplogic.com,Environment admin,Designer AutoSync,members admins,2024-02-02T10:41:26.271Z
Taylor Singh,taylor.singh@reply.de,User,Designer,members AgentCreatorBootcamp_EMEA_June_2025 AgentCreatorBootcamp_EMEA_May_2026,2025-06-15T21:17:24.639Z
Devon Holt,devon.holt@infomotion.de,User,Designer AutoSync,members AgentCreatorPartnerTraining,2025-01-28T09:51:32.437Z
Umber Ellis,umber.ellis@bisontransport.com,User,Designer,members AC_Bootcamp_US_February_2026,2026-01-31T18:42:48.031Z
Lane Flynn,lane.flynn@nienetworks.co.uk,User,Designer,members AgentCreatorBootcamp_EMEA_March_2026,2025-10-13T09:06:56.546Z
Uli Utley,uli.utley@bravenn.com,User,,members,2024-01-11T10:23:36.866Z
Skyler Jensen,skyler.jensen@snaplogic.com,User,Designer,members,2026-01-31T17:22:16.921Z
Vale Knox,vale.knox@opportun.com,User,Designer,members AC_Bootcamp_US_February_2026,2026-01-31T18:42:36.016Z
Jamie Ortiz,jamie.ortiz@intelligent-ds.co.uk,User,Designer,members AgentCreatorBootcamp_AMEA_August_2025,2024-11-01T15:38:36.642Z
Gray Xu,gray.xu@atos.net,User,Designer,members AgentCreatorBootcamp_EMEA_March_2026,2026-03-22T19:06:11.387Z
Taylor Miller,taylor.miller@infomotion.de,User,Designer AutoSync,members AgentCreatorBootcamp_EMEA_June_2025,2025-06-15T21:21:35.247Z
Sage Adams,sage.adams@veolia.com,User,Designer,members VeoliaAiWorkshop,2025-12-16T17:57:25.187Z
Umber Zhu,umber.zhu@harmonygroup.eu,User,Designer,members Harmony,2024-06-13T09:06:08.338Z
Xander Baker,xander.baker@srivensolutions.com,User,Designer,members AC_Bootcamp_US_February_2026,2026-01-31T18:43:01.648Z
Dana Tran,dana.tran@gmail.com,User,Designer,members AgentCreatorBootcamp_AMER_May_2025 AgentCreatorBootcamp_EMEA_June_2025,2025-05-12T15:00:49.636Z
Oakley Lopez,oakley.lopez@bettysandtaylors.co.uk,User,Designer,members AgentCreatorBootcampEMEA_June2026,2026-06-24T06:57:36.008Z
Taylor Kim,taylor.kim@siemens.com,User,Designer,members siemens_mobility AgentCreatorSHSTraining,2024-12-06T11:16:57.696Z
Xander Iyer,xander.iyer@reply.com,User,Designer AutoSync,members AgentCreatorBootcamp_EMEA_June_2025,2025-06-15T21:17:04.348Z
Tatum Vega,tatum.vega@cognizant.com,User,Designer AutoSync,members AgentCreatorBootcamp_EMEA_June_2025 Cognizant,2025-06-15T21:17:39.709Z
Oakley Park,oakley.park@colep-cp.com,User,Designer,members Bootcamp_EMEA_February_2026,2026-02-22T12:13:52.435Z
Jamie Evans,jamie.evans@hpe.com,User,Designer,members AgentCreatorBootcamp_AMER_May_2025,2025-05-12T15:00:46.311Z
Vesper Vega,vesper.vega@yash.com,User,Designer AutoSync,members AgentCreatorBootcamp_EMEA_May_2025,2025-05-18T20:54:25.348Z
Quinn Harris,quinn.harris@varian.com,User,Designer,members AgentCreatorBootcamp_EMEA_November_2025,2025-11-23T18:51:46.980Z
Vesper Zhang,vesper.zhang@snaplogic.com,User,Designer,members,2026-01-31T17:22:22.512Z
Oakley Miller,oakley.miller@deloitte.com,User,Designer,members AgentCreatorBootcamp_AMEA_August_2025,2025-08-08T15:23:32.958Z
Jordan Quinn,jordan.quinn@gmail.com,User,Designer,members AgentCreatorBootcamp_EMEA_October_2025 AgentCreatorBootcamp_EMEA_November_2025,2025-10-06T16:09:38.772Z
Uli Brooks,uli.brooks@snaplogic.com,Environment admin,Designer AutoSync,members admins,2024-12-05T18:09:13.881Z
Kelly Ueda,kelly.ueda@gmail.com,Environment admin,Designer,members admins,2025-05-15T15:55:55.593Z
Charlie Ibarra,charlie.ibarra@srivensolutions.com,User,Designer,members AgentCreatorBootcamp_EMEA_October_2025,2025-10-06T16:13:13.920Z
Tatum Ueda,tatum.ueda@siemens-healthineers.com,User,Designer AutoSync,members AgentCreatorSHSTraining,2025-04-28T10:45:01.106Z
Eden Foster,eden.foster@snaplogic.com,Environment admin,Designer,members admins,2025-07-16T14:42:07.439Z
Avery Reid,avery.reid@snaplogic.com,User,Designer AutoSync,members,2024-10-16T15:05:33.235Z
Xen Adams,xen.adams@snaplogic.com,Environment admin,Designer,members admins,2023-05-04T22:24:27.414Z
Casey York,casey.york@accenture.com,User,Designer,members AgentCreatorBootcampEMEA_June2026,2026-06-24T06:57:15.983Z
Xen Tran,xen.tran@powdr.com,User,Designer,members,2026-03-27T16:53:19.911Z
Willow Xu,willow.xu@iwconnect.com,User,Designer AutoSync,members IWC AgentCreatorPartnerTraining AgentCreatorTraining AgentCreatorBootcamp_EMEA_May_2025 IWConnectDemos AgentCreatorBootcamp_EMEA_June_2025 AgentCreatorBootcamp_AMEA_August_2025 AgentCreatorBootcamp_EMEA_October_2025,2025-01-28T09:50:14.929Z
Vale Vega,vale.vega@snaplogic.com,Environment admin,Designer,members admins,2023-09-22T17:52:32.621Z
Vale Ueda,vale.ueda@gmail.com,User,Designer AutoSync,members AgentCreatorBootcamp_EMEA_May_2025,2025-05-18T20:57:13.137Z
Gray Garcia,gray.garcia@sony.com,User,Designer,members AgentCreatorBootcamp_AMEA_August_2025,2025-08-08T15:22:28.770Z
River Flynn,river.flynn@infosys.com,User,Designer AutoSync,members AgentCreatorBootcamp_EMEA_May_2025 Infosys,2025-05-18T20:54:36.736Z
Yael Miller,yael.miller@coforge.com,User,Designer,members AgentCreatorBootcamp_AMER_May_2025,2025-05-12T15:00:50.927Z
Zion Nash,zion.nash@snaplogic.com,User,Designer,members,2026-01-31T17:22:27.880Z
Tatum Xia,tatum.xia@bravenn.com,User,,members,2024-01-11T10:24:06.127Z
Charlie Tran,charlie.tran@sju.edu,User,Designer,members AC_Bootcamp_US_February_2026,2026-01-31T18:43:16.197Z
Tatum Xu,tatum.xu@snaplogic.com,Environment admin,Designer AutoSync,members admins,2026-07-08T21:02:41.163Z
Lane Torres,lane.torres@siemens-energy.com,User,Designer,members AgentCreatorBootcampSiemensEnergy,2026-07-20T05:20:18.514Z
Lee Nguyen,lee.nguyen@accenture.com,User,Designer,members,2025-08-07T08:03:42.107Z
Vesper Foster,vesper.foster@astrazeneca.com,User,AutoSync Designer,members AgentCreatorBootcamp_EMEA_May_2025,2025-05-18T20:54:48.481Z
Morgan Zhu,morgan.zhu@primetherapeutics.com,User,Designer,members AC_Bootcamp_US_February_2026,2026-02-03T16:41:58.872Z
Morgan Vance,morgan.vance@siemens-energy.com,User,Designer,members AgentCreatorBootcampSiemensEnergy,2026-07-19T12:44:04.007Z
Taylor Zhang,taylor.zhang@cognizant.com,User,Designer,members AgentCreatorBootcamp_EMEA_June_2025 Cognizant,2025-06-30T15:55:05.350Z
Dana Miller,dana.miller@adobe.com,User,Designer,members AgentCreatorBootcamp_AMEA_August_2025,2025-08-08T15:18:24.872Z
Avery Ellis,avery.ellis@ghekiere.net,User,Designer,members US_Bootcamp_August_2025,2025-08-07T14:31:15.656Z
Nash Davis,nash.davis@srivensolutions.com,User,Designer,members AC_Bootcamp_US_February_2026,2026-01-31T18:40:59.979Z
Skyler Diaz,skyler.diaz@snaplogic.com,User,Designer,members,2026-01-31T17:22:38.986Z
Lane Johal,lane.johal@nationalgrid.com,User,Designer,members Bootcamp_EMEA_February_2026,2025-01-09T11:54:58.759Z
Lee Wang,lee.wang@accenture.com,User,Designer AutoSync,members AgentCreatorTraining,2025-04-07T08:21:52.077Z
River Nguyen,river.nguyen@infosys.com,User,Designer,members AgentCreatorBootcamp_EMEA_January_2026,2026-01-11T22:39:49.678Z
Yuki Ueda,yuki.ueda@bluealtair.com,User,Designer,members AC_Bootcamp_US_February_2026,2026-01-31T18:43:31.179Z
Indira Jensen,indira.jensen@workday.com,User,Designer,members AgentCreatorBootcampEMEA_June2026,2026-06-24T06:57:05.026Z
Willow Reyes,willow.reyes@accenture.com,User,Designer AutoSync,members AgentCreatorTraining,2024-11-22T04:53:56.361Z
Sage Reid,sage.reid@yamaha.com,User,Designer,members US_Bootcamp_August_2025,2025-08-07T14:28:10.802Z
Drew Utley,drew.utley@snaplogic.com,Environment admin,Designer AutoSync,members admins,2024-10-17T07:16:30.796Z
Sage Miller,sage.miller@gmail.com,User,Designer AutoSync,members AgentCreatorBootcamp_EMEA_June_2025,2025-06-15T21:29:10.209Z
Willow Chen,willow.chen@sightline-ai.co,User,Designer,members AgentCreatorBootcampEMEA_June2026,2026-06-24T06:57:02.073Z
Indira Utley,indira.utley@yash.com,User,Designer AutoSync,members AgentCreatorBootcamp_EMEA_June_2025,2025-06-15T21:10:03.904Z
Tatum Reyes,tatum.reyes@srivensolutions.com,User,Designer,members AgentCreatorBootcamp_EMEA_October_2025 AgentCreatorBootcamp_EMEA_November_2025 Sriven,2025-10-06T16:13:26.320Z
Parker Utley,parker.utley@gmail.com,User,Designer,members US_Bootcamp_August_2025,2025-08-11T15:57:57.336Z
Drew Patel,drew.patel@snaplogic.com,User,Designer,members,2026-04-08T12:00:35.993Z
Jordan Singh,jordan.singh@snaplogic.com,Environment admin,Designer AutoSync,members admins,2023-09-25T05:44:38.507Z
Yael Luna,yael.luna@snaplogic.com,User,Designer,members AgentCreatorBootcamp_EMEA_January_2026,2026-01-11T22:39:45.683Z
Brett Miller,brett.miller@snaplogic.com,User,Designer,members,2026-01-31T17:23:26.871Z
Oakley York,oakley.york@cognizant.com,User,Designer AutoSync,members AgentCreatorTraining Cognizant,2025-04-07T08:25:39.844Z
Vesper Xia,vesper.xia@healthpeak.com,User,Designer,members US_Bootcamp_August_2025,2025-08-07T14:32:19.246Z
Nash Torres,nash.torres@deloitte.com,User,Designer,members AC_Bootcamp_US_February_2026,2026-01-31T18:43:41.022Z
Noel Harris,noel.harris@powdr.com,User,Designer,members,2026-03-27T16:52:09.814Z
Eden Yamada,eden.yamada@onindus.com,User,Designer,members Bootcamp_EMEA_February_2026,2026-02-22T12:14:32.442Z
Umber Chen,umber.chen@gcc.fr,User,Designer,members Bootcamp_EMEA_February_2026,2026-02-20T13:12:05.431Z
Fern Singh,fern.singh@veolia.com,User,Designer,members VeoliaAiWorkshop,2025-12-16T17:57:35.374Z
Oakley Knox,oakley.knox@nexentbank.com,User,Designer,members AgentCreatorBootcamp_EMEA_May_2026,2026-05-17T21:19:25.304Z
Lee Luna,lee.luna@immunocore.com,User,Designer,members AgentCreatorBootcamp_EMEA_October_2025,2024-08-21T10:15:34.775Z
Willow Ortiz,willow.ortiz@varasengineering.com,User,Designer,members AgentCreatorBootcampEMEA_June2026,2026-06-24T06:58:29.926Z
Xander Moss,xander.moss@snaplogic.com,Environment admin,Designer AutoSync,members admins,2024-10-07T21:29:24.396Z
Noel Evans,noel.evans@futurmaster.com,User,Designer AutoSync,members AgentCreatorBootcamp_EMEA_June_2025,2025-06-15T21:22:35.563Z
Kai Nguyen,kai.nguyen@veolia.com,User,Designer,members VeoliaAiWorkshop,2025-12-16T17:57:40.592Z
Vale Baker,vale.baker@firsttechfed.com,User,Designer,members AgentCreatorBootcampEMEA_June2026,2026-06-24T06:56:55.033Z
Reese Nguyen,reese.nguyen@snaplogic.com,Environment admin,Designer AutoSync,members admins,2024-02-29T20:44:32.864Z
Dana Moss,dana.moss@iwconnect.com,User,Designer AutoSync,members IWC IWConnectDemos,2025-03-25T12:12:09.804Z
Yuki Kim,yuki.kim@binariks.com,User,Designer,members AgentCreatorBootcamp_EMEA_January_2026,2026-01-11T22:25:23.359Z
Mack Osei,mack.osei@reply.de,User,Designer,members AgentCreatorBootcamp_EMEA_May_2026,2026-05-17T21:18:14.231Z
Noel Grant,noel.grant@accenture.com,User,Designer,members AgentCreatorBootcamp_EMEA_November_2025,2025-11-12T10:46:38.226Z
Jordan Adams,jordan.adams@snaplogic.com,User,Designer,members,2026-01-31T17:23:32.872Z
Yael Patel,yael.patel@snaplogic.com,User,Designer,members,2026-01-31T17:23:39.653Z
Mack Osei,mack.osei@yash.com,User,Designer,members AgentCreatorBootcamp_EMEA_June_2025,2025-05-15T15:53:40.457Z
Eden Xu,eden.xu@unitestudents.com,User,Designer,members Bootcamp_EMEA_February_2026,2026-02-22T12:10:01.415Z
Finley Ortiz,finley.ortiz@itv.com,User,Designer,members AgentCreatorBootcamp_EMEA_November_2025,2025-11-23T18:47:36.986Z
Brett Wang,brett.wang@jems-group.com,User,Designer,members PartnersReadOnly,2024-01-10T09:10:04.830Z
Oakley Wang,oakley.wang@infosys.com,User,Designer,members AgentCreatorBootcamp_EMEA_November_2025 Infosys,2025-11-23T18:46:18.606Z
Jamie Xu,jamie.xu@snaplogic.com,User,Designer,members AgentCreatorBootcamp_EMEA_March_2026,2026-03-23T09:42:21.883Z
Eden Vance,eden.vance@snaplogic.com,User,Designer AutoSync,members AgentCreatorBootcamp_EMEA_June_2025,2025-06-16T09:52:16.014Z
Eden Johal,eden.johal@snaplogic.com,User,Designer,members Bootcamp_EMEA_February_2026,2026-02-23T09:53:06.615Z
Uli York,uli.york@snaplogic.com,User,Designer,members AgentCreatorBootcamp_EMEA_March_2026,2026-03-23T09:41:42.843Z
Wren Holt,wren.holt@snaplogic.com,User,Designer,members Bootcamp_EMEA_February_2026,2026-02-23T10:22:27.830Z
Mack Zhang,mack.zhang@snaplogic.com,User,Designer,members AgentCreatorBootcamp_EMEA_March_2026,2026-03-23T09:41:48.506Z
Gray Vance,gray.vance@snaplogic.com,User,Designer,members,2026-03-03T00:31:58.237Z
Taylor Brooks,taylor.brooks@snaplogic.com,Environment admin,,members admins,2026-03-03T13:04:18.074Z
Lane Zhang,lane.zhang@snaplogic.com,User,Designer,members AgentCreatorBootcamp_EMEA_March_2026,2026-03-23T09:42:06.246Z
Kai Wang,kai.wang@snaplogic.com,User,Designer,members AgentCreatorBootcamp_EMEA_January_2026,2026-01-12T09:54:08.431Z
Harper Cooper,harper.cooper@snaplogic.com,User,Designer,members,2026-02-23T09:56:28.496Z
Lane Harris,lane.harris@snaplogic.com,User,Designer,members Bootcamp_EMEA_February_2026,2026-02-23T10:22:35.012Z
Piper Moss,piper.moss@snaplogic.com,User,Designer,members AgentCreatorBootcamp_EMEA_March_2026,2026-03-23T09:42:33.820Z
Gray Vega,gray.vega@snaplogic.com,User,Designer,members AgentCreatorBootcamp_EMEA_March_2026,2026-03-23T09:42:03.253Z
Willow Grant,willow.grant@snaplogic.com,User,Designer,members AgentCreatorBootcamp_EMEA_March_2026,2026-03-23T09:42:13.427Z
Noel Ueda,noel.ueda@snaplogic.com,User,Designer,members AgentCreatorBootcamp_EMEA_March_2026,2026-03-23T09:41:55.990Z
Devon Foster,devon.foster@snaplogic.com,User,Designer,members Bootcamp_EMEA_February_2026,2026-02-23T10:22:42.969Z
Lee Harris,lee.harris@snaplogic.com,User,Designer,members AgentCreatorBootcamp_EMEA_March_2026,2026-03-23T09:41:58.782Z
Jordan Foster,jordan.foster@snaplogic.com,User,Designer,members AgentCreatorBootcamp_EMEA_March_2026,2026-03-23T09:42:27.697Z
Brett Wang,brett.wang@snaplogic.com,Environment admin,Designer,members admins AgentCreatorBootcamp_EMEA_January_2026,2023-08-29T15:34:27.928Z
Mack Ibarra,mack.ibarra@techseed.se,User,Designer,members AgentCreatorBootcamp_EMEA_January_2026,2026-01-11T22:27:47.387Z
Hayden Nash,hayden.nash@allotltd.com,User,Designer,members AgentCreatorBootcamp_AMEA_August_2025,2025-08-11T10:48:31.793Z
Reese Davis,reese.davis@siemens-energy.com,User,Designer,members AgentCreatorBootcampSiemensEnergy,2026-07-19T12:42:38.316Z
Jordan Wells,jordan.wells@opusenergy.com,User,Designer AutoSync,members AgentCreatorBootcamp_EMEA_June_2025,2025-06-15T21:16:32.673Z
Yuki Xia,yuki.xia@siemens-healthineers.com,User,Designer,members AgentCreatorBootcamp_EMEA_November_2025,2025-11-23T18:51:32.039Z
Alex Cooper,alex.cooper@coforge.com,User,Designer,members AgentCreatorBootcamp_AMER_May_2025,2025-05-12T15:00:51.471Z
Hayden Utley,hayden.utley@siemens-energy.com,User,Designer,members AgentCreatorBootcampSiemensEnergy,2026-07-19T12:43:56.191Z
Vale Flynn,vale.flynn@snaplogic.com,User,Designer AutoSync,members,2024-10-21T15:39:40.177Z
Tatum Brooks,tatum.brooks@snaplogic.com,Environment admin,Designer,members admins,2023-12-19T15:57:41.046Z
Alex Singh,alex.singh@veolia.com,User,Designer,members VeoliaAiWorkshop,2025-12-16T17:57:46.896Z
Uli Yamada,uli.yamada@gmail.com,User,Designer,members,2025-11-23T14:34:01.177Z
Vale Iyer,vale.iyer@gmail.com,User,Designer,members,2025-11-23T14:40:27.883Z
Charlie Miller,charlie.miller@cognizant.com,User,Designer AutoSync,members AgentCreatorTraining Cognizant,2025-04-07T08:25:59.085Z
Drew Yamada,drew.yamada@snaplogic.com,User,Designer,members,2026-01-31T17:23:45.916Z
River Ellis,river.ellis@gmail.com,User,Designer,members AgentCreatorBootcamp_AMER_May_2025 AgentCreatorBootcamp_EMEA_May_2025,2025-05-12T15:00:49.041Z
Vale Garcia,vale.garcia@opportun.com,User,Designer,members AC_Bootcamp_US_February_2026,2026-01-31T18:44:09.127Z
Mack Brooks,mack.brooks@t-online.de,User,Designer,members Bootcamp_EMEA_February_2026,2026-02-22T12:09:16.022Z
Avery Baker,avery.baker@ufl.edu,User,Designer,members US_Bootcamp_August_2025,2025-08-11T16:21:33.120Z
Taylor Baker,taylor.baker@snaplogic.com,User,,members_devportal,2024-02-02T10:44:46.172Z
River Holt,river.holt@snaplogic.com,User,,members,2024-05-16T09:47:17.881Z
Alex Cooper,alex.cooper@snaplogic.com,Environment admin,Designer AutoSync,members admins,2023-10-13T16:17:10.120Z
Charlie Shah,charlie.shah@snaplogic.com,Environment admin,AutoSync Designer,members admins,2025-11-03T11:12:55.305Z
Avery Adams,avery.adams@snaplogic.com,User,Designer,members,2026-01-31T17:23:55.312Z
Piper Davis,piper.davis@sju.edu,User,Designer,members AC_Bootcamp_US_February_2026,2026-01-31T18:44:35.029Z
Charlie Baker,charlie.baker@snaplogic.com,Environment admin,Designer AutoSync,members admins Bootcamp_US_June_2025 US_Bootcamp_August_2025,2024-12-02T18:28:52.415Z
Skyler Flynn,skyler.flynn@bravenn.com,User,,members,2024-01-11T10:25:50.292Z
Nash Harris,nash.harris@sdggroup.com,User,AutoSync Designer,members AgentCreatorBootcamp_EMEA_May_2025,2025-05-18T20:56:47.130Z
Devon Holt,devon.holt@bluealtair.com,User,Designer,members AC_Bootcamp_US_February_2026,2026-01-31T18:44:19.515Z
Noel Singh,noel.singh@siemens-energy.com,User,Designer,members AgentCreatorBootcampSiemensEnergy,2026-07-19T12:43:16.092Z
Kai Reid,kai.reid@nienetworks.co.uk,User,Designer,members AgentCreatorBootcamp_EMEA_March_2026,2026-03-22T19:04:39.732Z
Dana Lopez,dana.lopez@snaplogic.com,User,Designer,members,2026-01-31T17:25:04.520Z
Jamie Moss,jamie.moss@snaplogic.com,User,Designer,members,2026-01-31T17:25:07.085Z
Kai Xia,kai.xia@ostiasolutions.com,User,Designer AutoSync,members AgentCreatorBootcamp_EMEA_June_2025 Bootcamp_US_June_2025,2025-06-15T21:28:02.588Z
Reese Jensen,reese.jensen@harmonygroup.eu,User,Designer,members Harmony,2024-06-13T09:06:34.079Z
Sage Utley,sage.utley@handd.co.uk,User,Designer,members AgentCreatorBootcamp_EMEA_May_2026,2025-07-16T13:25:12.996Z
Xander Yamada,xander.yamada@paceintegration.com,User,Designer,members,2024-04-10T08:29:07.151Z
Skyler Lopez,skyler.lopez@ucdenver.edu,User,Designer,members AgentCreatorBootcamp_EMEA_May_2026,2026-05-17T21:19:47.340Z
Wren Park,wren.park@snaplogic.com,User,Designer,members,2026-01-31T17:25:11.260Z
Morgan Diaz,morgan.diaz@truerx.com,User,Designer,members AgentCreatorBootcamp_EMEA_November_2025,2025-11-23T18:47:06.741Z
Morgan Ueda,morgan.ueda@dentsu.com,User,Designer,members AgentCreatorBootcampEMEA_June2026,2026-06-24T06:58:15.149Z
Nash Zhang,nash.zhang@iwconnect.com,User,Designer AutoSync,members IWC AgentCreatorPartnerTraining AgentCreatorBootcamp_EMEA_May_2025 IWConnectDemos,2025-01-28T09:51:08.212Z
Devon Garcia,devon.garcia@snaplogic.com,Environment admin,Designer AutoSync,members admins,2024-07-30T10:04:51.723Z
Hayden Vega,hayden.vega@ugranthas.com,User,Designer,members AgentCreatorBootcamp_EMEA_October_2025 AgentCreatorBootcamp_EMEA_November_2025,2025-10-06T16:16:42.823Z
Kai Evans,kai.evans@snaplogic.com,Environment admin,Designer AutoSync,members admins,2024-12-10T20:07:37.736Z
Ellis Kim,ellis.kim@nationalgrid.com,User,Designer,members AgentCreatorBootcamp_EMEA_January_2026,2024-10-01T16:23:51.065Z
Fern Miller,fern.miller@revantage.eu,User,Designer,members Bootcamp_EMEA_February_2026,2026-02-22T12:11:02.315Z
Tatum Jensen,tatum.jensen@snaplogic.com,Environment admin,Designer,members admins,2024-04-09T08:15:51.626Z
Oakley Nguyen,oakley.nguyen@snaplogic.com,Environment admin,Designer,members admins,2024-04-19T17:19:34.386Z
Quinn Brooks,quinn.brooks@gmail.com,User,Designer,members Bootcamp_EMEA_February_2026,2026-02-22T12:09:54.696Z
River Knox,river.knox@snaplogic.com,Environment admin,Designer AutoSync,members admins,2025-01-17T18:19:20.102Z
Lane Davis,lane.davis@accenture.com,User,Designer,members AgentCreatorBootcamp_EMEA_November_2025,2025-11-23T18:50:17.642Z
Jordan Zhang,jordan.zhang@impellam.com,User,Designer,members Bootcamp_EMEA_February_2026 AgentCreatorBootcamp_EMEA_March_2026 AgentCreatorBootcamp_EMEA_May_2026,2026-02-22T12:13:05.961Z
Indira Diaz,indira.diaz@infosys.com,User,Designer,members US_Bootcamp_August_2025 AgentCreatorBootcamp_EMEA_October_2025 AgentCreatorBootcamp_EMEA_November_2025 Infosys AgentCreatorBootcamp_EMEA_January_2026 Bootcamp_EMEA_February_2026,2025-08-07T14:25:23.384Z
Piper York,piper.york@accenture.com,User,Designer,members AgentCreatorBootcamp_EMEA_November_2025,2025-11-23T18:51:01.066Z
Tatum Miller,tatum.miller@snaplogic.com,User,Designer,members,2026-01-31T17:25:18.430Z
Devon Park,devon.park@enate.io,User,Designer,members Bootcamp_EMEA_February_2026,2024-04-09T08:20:34.040Z
Lee Reyes,lee.reyes@snaplogic.com,User,Designer,members,2026-01-31T17:26:02.745Z
Zion Lopez,zion.lopez@siemens-energy.com,User,Designer,members AgentCreatorBootcampSiemensEnergy,2026-07-19T12:42:25.023Z
Piper Park,piper.park@gmail.com,User,Designer,members AgentCreatorBootcamp_EMEA_November_2025,2025-11-23T18:49:01.283Z
Dana Ellis,dana.ellis@itv.com,User,Designer,members AgentCreatorBootcampEMEA_June2026,2026-06-24T06:57:51.326Z
Wren Flynn,wren.flynn@hpe.com,User,Designer,members AgentCreatorBootcamp_AMER_May_2025,2025-05-12T15:00:43.840Z
Zara Nash,zara.nash@apo.com.tn,User,Designer,members AgentCreatorBootcamp_EMEA_March_2026,2026-03-22T19:05:34.479Z
Hayden Reid,hayden.reid@primetherapeutics.com,User,Designer,members AC_Bootcamp_US_February_2026,2026-02-02T17:18:39.492Z
Indira Xia,indira.xia@astrazeneca.com,User,Designer AutoSync,members AgentCreatorBootcamp_EMEA_May_2025,2025-05-18T20:56:58.383Z
Harper Cooper,harper.cooper@snaplogic.com,User,Designer,members,2026-01-31T17:26:07.516Z
Harper Xia,harper.xia@gmail.com,User,Designer,members AgentCreatorBootcamp_EMEA_November_2025,2025-11-23T18:49:21.156Z
Piper Jensen,piper.jensen@gmail.com,User,Designer AutoSync,members,2026-06-29T09:11:20.483Z
Yael Knox,yael.knox@hpe.com,User,Designer,members AgentCreatorBootcamp_AMER_May_2025,2025-05-12T15:00:42.529Z
Quinn Moss,quinn.moss@gmail.com,User,Designer,members AgentCreatorBootcamp_EMEA_March_2026,2026-03-22T19:04:19.697Z
Charlie Reyes,charlie.reyes@snaplogic.com,Environment admin,Designer AutoSync,members admins,2023-10-18T19:07:26.592Z
Eden Reid,eden.reid@central.com,User,Designer,members AgentCreatorBootcamp_EMEA_June_2025 Bootcamp_US_June_2025,2025-06-27T15:54:51.555Z
Sage Garcia,sage.garcia@jmsmucker.com,User,Designer,members AgentCreatorBootcamp_EMEA_May_2026,2026-05-17T21:18:53.148Z
Skyler Tran,skyler.tran@nationalgrid.com,User,Designer,members AgentCreatorBootcamp_EMEA_May_2026,2026-05-17T21:19:29.564Z
Noel Lopez,noel.lopez@snaplogic.com,User,Designer,members,2026-01-31T17:26:12.434Z
Zara Osei,zara.osei@hpe.com,User,Designer,members AgentCreatorBootcamp_EMEA_June_2025,2025-05-12T15:00:48.151Z
Harper Luna,harper.luna@central.com,User,Designer,members AgentCreatorBootcamp_EMEA_June_2025,2025-06-30T15:49:21.053Z
Casey Utley,casey.utley@gmail.com,User,Designer,members AgentCreatorBootcamp_EMEA_November_2025,2025-11-23T18:46:37.262Z
Gray Diaz,gray.diaz@se.com,User,Designer,members AgentCreatorBootcamp_EMEA_October_2025,2025-10-06T16:17:07.672Z
Kai Iyer,kai.iyer@primetherapeutics.com,User,Designer,members AC_Bootcamp_US_February_2026,2026-02-02T17:07:48.566Z
Skyler Zhu,skyler.zhu@siemens-energy.com,User,Designer,members AgentCreatorBootcampSiemensEnergy,2026-07-19T12:43:29.544Z
Casey Reyes,casey.reyes@in.ey.com,User,Designer,members AgentCreatorBootcamp_EMEA_October_2025,2025-10-06T16:12:35.461Z
Noel Zhang,noel.zhang@siemens-energy.com,User,Designer,members AgentCreatorBootcampSiemensEnergy,2026-07-19T12:43:25.622Z
Xen Foster,xen.foster@accenture.com,User,Designer,members AgentCreatorBootcampEMEA_June2026,2025-05-07T12:10:12.880Z
Reese Osei,reese.osei@gmail.com,User,Designer,members,2025-06-27T14:08:36.705Z
Tatum Utley,tatum.utley@snaplogic.com,Environment admin,Designer,members admins Bootcamp_US_June_2025,2025-02-04T18:14:23.965Z
Kai Patel,kai.patel@yash.com,User,Designer,members AgentCreatorBootcamp_AMER_May_2025,2025-05-12T15:00:47.464Z
Fern Park,fern.park@gmail.com,User,Designer,members AgentCreatorBootcamp_AMER_May_2025,2025-05-15T15:58:44.309Z
Fern Patel,fern.patel@snaplogic.com,User,Designer,members,2024-02-28T21:30:30.344Z
Vesper Flynn,vesper.flynn@snaplogic.com,User,Designer AutoSync,members,2023-10-13T16:22:33.298Z
Willow Ueda,willow.ueda@infosys.com,User,Designer AutoSync,members AgentCreatorBootcamp_EMEA_June_2025 Infosys,2025-06-15T21:24:49.370Z
Alex Brooks,alex.brooks@snaplogic.com,Environment admin,Designer AutoSync,members admins,2025-01-08T11:03:38.113Z
Vale Davis,vale.davis@siemens-energy.com,User,Designer,members AgentCreatorBootcampSiemensEnergy,2026-07-20T08:38:52.364Z
Gray Zhang,gray.zhang@srivensolutions.com,User,Designer,members AC_Bootcamp_US_February_2026,2026-01-31T18:44:48.209Z
Blake Harris,blake.harris@gmail.com,User,Designer,members AgentCreatorBootcampEMEA_June2026,2026-06-24T08:49:48.939Z
River Xu,river.xu@gmail.com,User,Designer,members AgentCreatorBootcamp_AMER_May_2025,2025-05-15T15:33:28.311Z
Indira Jensen,indira.jensen@siemens-energy.com,User,Designer,members AgentCreatorBootcampSiemensEnergy,2026-07-20T05:20:33.501Z
Oakley Garcia,oakley.garcia@snaplogic.com,Environment admin,Designer AutoSync,members admins,2025-01-03T19:21:43.931Z
Drew Ueda,drew.ueda@snaplogic.com,Environment admin,Designer AutoSync,members admins,2023-10-11T13:36:53.424Z
Lee Park,lee.park@snaplogic.com,User,Designer,members AgentCreatorBootcamp_EMEA_June_2025 Bootcamp_US_June_2025,2025-06-27T15:47:03.146Z
Harper Brooks,harper.brooks@gmail.com,User,Designer,members AgentCreatorBootcamp_EMEA_October_2025 AgentCreatorBootcamp_EMEA_November_2025,2025-10-06T16:08:47.361Z
Harper Holt,harper.holt@snaplogic.com,User,Designer,members,2026-01-31T17:26:18.798Z
Blake Grant,blake.grant@siemens-healthineers.com,User,Designer,members AgentCreatorBootcamp_EMEA_October_2025,2025-10-06T16:09:05.487Z
Devon Yamada,devon.yamada@snaplogic.com,User,Designer,members,2026-01-31T17:26:23.984Z
Hayden York,hayden.york@reply.de,User,Designer,members AgentCreatorBootcamp_EMEA_May_2026,2026-05-17T21:18:16.977Z
Nash Brooks,nash.brooks@snaplogic.com,User,Designer,members,2026-01-31T17:26:29.540Z
Xen Reid,xen.reid@infosys.com,User,Designer,members AgentCreatorBootcamp_EMEA_November_2025 Infosys,2025-11-23T18:52:57.800Z
Brett Reyes,brett.reyes@revantage.eu,User,Designer,members Bootcamp_EMEA_February_2026,2025-10-23T13:22:19.951Z
Oakley Garcia,oakley.garcia@snaplogic.com,User,Designer,members,2026-01-31T17:27:23.388Z
Vesper Kim,vesper.kim@yash.com,User,Designer,members AgentCreatorBootcamp_AMER_May_2025,2025-05-12T15:00:41.280Z
Xen Garcia,xen.garcia@snaplogic.com,User,Designer,members,2026-01-31T17:27:29.405Z
Oakley Torres,oakley.torres@iwconnect.com,User,Designer,members IWC IWConnectDemos AgentCreatorBootcamp_EMEA_March_2026 AgentCreatorBootcamp_EMEA_May_2026,2024-12-17T13:19:45.236Z
Mack Flynn,mack.flynn@snaplogic.com,Environment admin,Designer,members admins,2025-03-18T11:11:37.055Z
Charlie Foster,charlie.foster@wipro.com,User,Designer AutoSync,members AgentCreatorPartnerTraining,2025-02-24T10:19:56.363Z
River Moss,river.moss@bluealtair.com,User,Designer,members AC_Bootcamp_US_February_2026,2026-01-31T18:45:00.743Z
Piper Tran,piper.tran@uow.edu.au,User,Designer,members AgentCreatorBootcamp_EMEA_November_2025,2025-11-23T18:44:36.744Z
Indira Davis,indira.davis@iwconnect.com,User,Designer,members IWC IWConnectDemos,2024-02-23T11:20:37.507Z
Vale Reid,vale.reid@snaplogic.com,Environment admin,Designer AutoSync,members admins,2024-03-26T11:37:06.002Z
Tatum Reyes,tatum.reyes@snaplogic.com,User,Designer,members US_Bootcamp_August_2025,2025-08-07T14:27:34.462Z
Yuki Garcia,yuki.garcia@siemens-energy.com,User,Designer,members AgentCreatorBootcampSiemensEnergy,2026-07-19T12:43:09.391Z
Quinn Garcia,quinn.garcia@snaplogic.com,User,Designer,members AgentCreatorBootcamp_EMEA_January_2026 Bootcamp_EMEA_February_2026,2024-10-17T16:13:09.530Z
Kelly Davis,kelly.davis@siemens-energy.com,User,Designer,members AgentCreatorBootcampSiemensEnergy,2026-07-19T12:42:32.783Z
Indira Davis,indira.davis@miamibeachfl.gov,User,Designer,members AgentCreatorBootcamp_EMEA_May_2026,2026-05-17T21:19:16.314Z
Vale Zhu,vale.zhu@snaplogic.com,Environment admin,Designer AutoSync,members admins,2025-09-02T20:32:23.077Z
Kelly Flynn,kelly.flynn@snaplogic.com,Environment admin,Designer AutoSync,members admins,2025-08-01T19:14:29.649Z
Lee Grant,lee.grant@snaplogic.com,User,Designer,members,2025-07-10T20:42:01.792Z
Charlie Johal,charlie.johal@veolia.com,User,Designer,members AgentCreatorBootcamp_EMEA_March_2026,2026-03-22T19:03:11.392Z
Umber Miller,umber.miller@accenture.com,User,AutoSync Designer,members AgentCreatorBootcamp_EMEA_June_2025,2025-06-15T21:20:25.275Z
Willow Luna,willow.luna@accenture.com,User,Designer,members AgentCreatorBootcamp_EMEA_November_2025,2025-10-27T05:16:49.255Z
Morgan Moss,morgan.moss@snaplogic.com,User,Designer,members AC_Bootcamp_US_February_2026,2023-09-14T10:43:40.043Z
Lane Lopez,lane.lopez@stanford.edu,User,Designer,members Stanford Bootcamp_EMEA_February_2026,2026-02-04T20:54:59.862Z
Kai Shah,kai.shah@siemens-energy.com,User,Designer,members AgentCreatorBootcampSiemensEnergy,2026-07-19T12:44:01.151Z
Avery Cooper,avery.cooper@snaplogic.com,User,Designer,members,2026-01-31T17:27:33.224Z
Tatum Adams,tatum.adams@gmail.com,User,Designer,members US_Bootcamp_August_2025,2025-08-11T15:56:06.486Z
Kai Zhu,kai.zhu@deloitte.com,User,Designer,members Bootcamp_EMEA_February_2026,2026-02-22T12:09:24.550Z
Alex Brooks,alex.brooks@siemens-energy.com,User,Designer,members AgentCreatorBootcamp_EMEA_October_2025 AgentCreatorBootcampSiemensEnergy,2025-10-06T16:10:09.723Z
Alex Garcia,alex.garcia@bluealtair.com,User,Designer,members AgentCreatorBootcamp_EMEA_May_2026,2026-05-17T21:19:36.158Z
Avery Jensen,avery.jensen@rapidcircle.com,User,Designer AutoSync,members AgentCreatorBootcamp_EMEA_June_2025,2025-06-15T21:14:43.992Z
Charlie Holt,charlie.holt@siemens-healthineers.com,User,Designer AutoSync,members AgentCreatorSHSTraining AgentCreatorBootcamp_EMEA_November_2025,2025-04-28T10:44:03.520Z
Reese Miller,reese.miller@tyson.com,User,Designer AutoSync,members AgentCreatorBootcamp_EMEA_June_2025,2025-06-15T21:21:16.132Z
Zion Vega,zion.vega@gmail.com,User,Designer,members AC_Bootcamp_US_February_2026,2026-01-31T18:45:18.189Z
Ellis Garcia,ellis.garcia@astrazeneca.com,User,Designer,members AgentCreatorBootcamp_EMEA_March_2026 AgentCreatorBootcamp_EMEA_May_2026 AgentCreatorBootcampEMEA_June2026,2026-03-22T19:01:04.604Z
Kai Iyer,kai.iyer@siemens-healthineers.com,User,Designer,members AgentCreatorBootcamp_EMEA_November_2025,2025-11-23T18:49:15.487Z
Wren Zhu,wren.zhu@snaplogic.com,User,Designer,members,2026-01-31T17:27:38.815Z
Tatum Yamada,tatum.yamada@coforge.com,User,Designer AutoSync,members AgentCreatorBootcamp_EMEA_June_2025,2024-10-29T09:40:06.014Z
Casey Foster,casey.foster@barnard.edu,User,Designer,members AgentCreatorBootcamp_EMEA_January_2026 AC_Bootcamp_US_February_2026,2026-01-11T22:28:05.148Z
Vesper Foster,vesper.foster@iwconnect.com,User,Designer,members Bootcamp_EMEA_February_2026,2025-04-15T07:08:16.196Z
Reese Evans,reese.evans@snaplogic.com,User,Designer,members,2026-01-31T17:28:13.036Z
Casey Tran,casey.tran@mpentzek.de,User,,members_devportal,2024-07-09T07:17:33.133Z
Hayden Tran,hayden.tran@securetrustbank.co.uk,User,Designer AutoSync,members AgentCreatorBootcamp_EMEA_June_2025,2025-06-15T21:23:24.881Z
Yael York,yael.york@ayming.com,User,AutoSync Designer,members AgentCreatorBootcamp_EMEA_June_2025,2024-09-23T14:02:38.324Z
Alex Cooper,alex.cooper@omc.com,User,Designer,members AgentCreatorBootcamp_EMEA_November_2025,2025-11-23T18:48:39.604Z
Finley Ortiz,finley.ortiz@bravenn.com,User,,members,2024-01-11T10:24:58.696Z
Jordan Knox,jordan.knox@snaplogic.com,Environment admin,Designer AutoSync,members admins,2023-10-11T18:21:11.209Z
Dana Nash,dana.nash@ayming.com,User,Designer AutoSync,members AgentCreatorBootcamp_EMEA_June_2025,2025-06-15T21:21:50.581Z
Piper Ibarra,piper.ibarra@snaplogic.com,User,Designer AutoSync,members AgentCreatorPartnerTraining,2023-04-25T16:13:38.130Z
Gray Kim,gray.kim@snaplogic.com,User,Designer,members AgentCreatorBootcamp_EMEA_January_2026,2026-01-11T22:39:27.346Z
Taylor Utley,taylor.utley@snaplogic.com,Environment admin,Designer,members admins,2023-08-25T07:30:04.087Z
Alex Utley,alex.utley@deloitte.com,User,Designer,members AC_Bootcamp_US_February_2026,2026-02-02T17:03:21.219Z
Yuki Adams,yuki.adams@accenture.com,User,Designer,members AgentCreatorBootcamp_EMEA_January_2026,2025-12-22T15:27:51.725Z
Vale Zhang,vale.zhang@snaplogic.com,Environment admin,Designer AutoSync,members admins,2023-05-23T08:35:50.573Z
Morgan Vance,morgan.vance@gmail.com,User,Designer,members AgentCreatorBootcamp_EMEA_January_2026,2026-01-12T09:55:01.324Z
Eden Cooper,eden.cooper@snaplogic.com,User,Designer,members AgentCreatorBootcamp_AMEA_August_2025,2025-08-08T15:19:01.739Z
Gray Park,gray.park@snaplogic.com,Environment admin,Designer,members admins Environment admin,2024-03-28T17:57:14.400Z
Lane Utley,lane.utley@oldmutual.com,User,Designer,members AgentCreatorBootcamp_EMEA_March_2026,2026-03-22T19:02:39.099Z
Willow Zhang,willow.zhang@snaplogic.com,User,Designer,members AgentCreatorBootcamp_EMEA_October_2025,2025-04-04T06:37:08.139Z
Eden Flynn,eden.flynn@intelligent-ds.co.uk,User,Designer,members AgentCreatorBootcamp_AMEA_August_2025 AgentCreatorBootcamp_EMEA_January_2026,2024-11-01T12:07:14.850Z
Noel Brooks,noel.brooks@opusenergy.com,User,Designer,members Bootcamp_EMEA_February_2026,2026-02-22T12:13:10.550Z
Jamie Osei,jamie.osei@snaplogic.com,User,Designer,members,2026-01-31T17:28:17.741Z
Lee Cooper,lee.cooper@impellam.com,User,Designer,members AgentCreatorBootcamp_EMEA_January_2026 Bootcamp_EMEA_February_2026,2026-01-11T22:25:01.873Z
Sage Zhu,sage.zhu@veolia.com,User,Designer,members VeoliaAiWorkshop,2024-09-02T13:52:19.103Z
Finley Kim,finley.kim@tugraz.at,User,Designer,members AgentCreatorBootcampEMEA_June2026,2026-06-24T06:58:23.564Z
Hayden Osei,hayden.osei@infosys.com,User,Designer,members AgentCreatorBootcamp_EMEA_November_2025 Infosys,2025-11-23T18:53:08.238Z
Lee Reyes,lee.reyes@dentsu.com,User,Designer,members AgentCreatorBootcampEMEA_June2026,2026-06-24T06:58:19.124Z
Umber Torres,umber.torres@siemens-energy.com,User,Designer,members AgentCreatorBootcampSiemensEnergy,2026-07-19T12:42:43.808Z
Lee Lopez,lee.lopez@snaplogic.com,Environment admin,Designer AutoSync,members admins,2025-05-19T16:43:13.385Z
Piper Park,piper.park@cognizant.com,User,Designer,members Cognizant AgentCreatorBootcamp_EMEA_January_2026,2025-07-30T04:50:36.888Z
Gray Xu,gray.xu@gmail.com,User,Designer,members AC_Bootcamp_US_February_2026,2026-01-31T18:46:26.562Z
Zion Baker,zion.baker@srivensolutions.com,User,Designer,members AC_Bootcamp_US_February_2026,2026-01-31T18:46:37.523Z
Avery Ortiz,avery.ortiz@srivensolutions.com,User,Designer,members AgentCreatorBootcamp_AMEA_August_2025,2025-08-08T15:19:23.598Z
Eden Flynn,eden.flynn@snaplogic.com,User,Designer,members AC_Bootcamp_US_February_2026,2026-01-31T18:45:05.824Z
Ellis Moss,ellis.moss@gmail.com,User,Designer,members US_Bootcamp_August_2025,2025-08-07T14:30:06.651Z
Blake Jensen,blake.jensen@dfcapital.bank,User,Designer,members Bootcamp_EMEA_February_2026,2026-02-22T12:13:39.905Z
Gray Flynn,gray.flynn@jems-group.com,User,Designer AutoSync,members AgentCreatorPartnerTraining,2025-01-28T09:50:38.189Z
Indira Xu,indira.xu@snaplogic.com,Environment admin,Designer,members admins,2023-08-23T11:25:54.240Z
Parker Singh,parker.singh@jems-group.com,User,Designer AutoSync,members AgentCreatorBootcamp_EMEA_June_2025,2024-05-02T09:26:57.166Z
Zara Wang,zara.wang@wipro.com,User,Designer,members AgentCreatorBootcamp_EMEA_November_2025,2025-11-23T18:47:24.234Z
Tatum Chen,tatum.chen@yash.com,User,Designer AutoSync,members AgentCreatorBootcamp_EMEA_June_2025,2025-06-15T21:10:30.368Z
Morgan Ellis,morgan.ellis@siemens-energy.com,User,Designer,members AgentCreatorBootcampSiemensEnergy,2026-07-20T05:20:37.279Z
Jamie Quinn,jamie.quinn@miovision.com,User,Designer,members AC_Bootcamp_US_February_2026,2026-02-02T17:15:26.811Z
Lee Brooks,lee.brooks@infosys.com,User,Designer,members AgentCreatorBootcamp_EMEA_January_2026,2026-01-11T22:39:11.403Z
Tatum York,tatum.york@siemens-energy.com,User,Designer,members AgentCreatorBootcampSiemensEnergy,2026-07-19T12:42:46.151Z
Willow Ellis,willow.ellis@infosys.com,User,Designer AutoSync,members AgentCreatorBootcamp_EMEA_June_2025 AgentCreatorBootcamp_AMEA_August_2025 Infosys,2025-06-15T21:24:29.681Z
Xen Foster,xen.foster@siemens-healthineers.com,User,Designer,members AgentCreatorBootcamp_EMEA_November_2025,2025-11-23T18:47:14.921Z
Parker Shah,parker.shah@gmail.com,User,Designer,members AgentCreatorBootcamp_EMEA_October_2025,2025-10-06T16:13:01.427Z
Indira Luna,indira.luna@snaplogic.com,Environment admin,Designer AutoSync,members admins,2023-10-13T16:24:06.408Z
Skyler Moss,skyler.moss@snaplogic.com,User,Designer AutoSync,members,2024-05-22T13:08:46.496Z
Parker Baker,parker.baker@snaplogic.com,Environment admin,Designer,members admins,2023-10-04T11:09:38.930Z
Sage Ellis,sage.ellis@gmail.com,User,Designer,members AgentCreatorBootcamp_EMEA_March_2026 AgentCreatorBootcamp_EMEA_May_2026,2026-03-22T19:06:05.912Z
Noel Vance,noel.vance@snaplogic.com,User,Designer,members AgentCreatorBootcamp_AMEA_August_2025,2025-07-24T18:03:14.381Z
Yuki Nash,yuki.nash@snaplogic.com,Environment admin,Designer,members admins,2023-09-29T06:50:20.796Z
Morgan Zhu,morgan.zhu@snaplogic.com,User,Designer AutoSync,members,2023-08-28T19:51:02.952Z
Taylor Ibarra,taylor.ibarra@snaplogic.com,Environment admin,Designer AutoSync,members admins,2024-03-08T11:50:04.214Z
Mack Harris,mack.harris@snaplogic.com,User,Designer,members AgentCreatorBootcamp_EMEA_January_2026,2026-01-11T22:37:49.681Z
Hayden Ueda,hayden.ueda@snaplogic.com,Environment admin,Designer AutoSync,members admins,2025-04-17T12:13:14.423Z
Noel Zhang,noel.zhang@snaplogic.com,Environment admin,Designer,members admins,2023-06-30T10:07:30.995Z
River Lopez,river.lopez@se.com,User,Designer AutoSync,members AgentCreatorTraining,2025-04-07T08:22:12.556Z
Avery Ellis,avery.ellis@yash.com,User,AutoSync Designer,members AgentCreatorBootcamp_EMEA_May_2025,2025-05-18T21:00:49.666Z
River Xia,river.xia@atos.net,User,Designer,members AgentCreatorBootcamp_EMEA_November_2025,2025-11-23T18:51:39.260Z
Kelly Holt,kelly.holt@futurmaster.com,User,Designer AutoSync,members AgentCreatorBootcamp_EMEA_June_2025,2025-06-15T21:25:57.869Z
Fern Xu,fern.xu@gmail.com,User,Designer,members US_Bootcamp_August_2025,2025-08-11T15:53:36.505Z
Lane Jensen,lane.jensen@siemens-healthineers.com,User,Designer AutoSync,members AgentCreatorSHSTraining,2025-04-28T10:44:17.498Z
Nash Yamada,nash.yamada@workday.com,User,Designer,members AgentCreatorBootcamp_EMEA_May_2026,2026-05-17T21:19:33.736Z
Yael Utley,yael.utley@yash.com,User,Designer AutoSync,members AgentCreatorBootcamp_EMEA_May_2025,2025-05-18T20:57:45.731Z
Oakley Wang,oakley.wang@credera.com,User,Designer AutoSync,members AgentCreatorBootcamp_EMEA_June_2025,2025-06-15T21:28:48.242Z
Zion Ibarra,zion.ibarra@snaplogic.com,User,Designer,members,2026-01-31T17:28:24.263Z
Noel Adams,noel.adams@tyson.com,User,Designer,members AgentCreatorBootcampEMEA_June2026,2026-06-24T06:57:59.646Z
Blake Adams,blake.adams@snaplogic.com,User,Designer,members,2026-01-31T17:28:28.978Z
Quinn Kim,quinn.kim@gmail.com,User,Designer,members AgentCreatorBootcamp_AMEA_August_2025,2025-08-08T15:17:00.149Z
Vesper Johal,vesper.johal@otssolutions.com,User,Designer AutoSync,members AgentCreatorBootcamp_EMEA_May_2025,2025-05-18T20:58:03.977Z
Parker Shah,parker.shah@snaplogic.com,User,Designer,members,2026-01-31T17:28:34.607Z
Jamie Moss,jamie.moss@infosys.com,User,Designer,members AgentCreatorBootcamp_AMEA_August_2025 Infosys,2025-08-11T07:57:34.380Z
Wren Kim,wren.kim@dfcapital.bank,User,Designer,members Bootcamp_EMEA_February_2026,2026-02-22T12:13:47.476Z
Lee Brooks,lee.brooks@snaplogic.com,Environment admin,Designer AutoSync,members admins,2023-08-28T19:51:01.690Z
Xen Knox,xen.knox@siemens-healthineers.com,User,Designer,members AgentCreatorBootcamp_EMEA_November_2025,2025-11-23T18:51:26.922Z
Zion Vega,zion.vega@siemens.com,User,Designer,members siemens_mobility AgentCreatorSHSTraining,2024-12-06T11:17:20.765Z
Quinn Ueda,quinn.ueda@infosys.com,User,Designer,members AgentCreatorBootcamp_EMEA_January_2026,2026-01-11T22:39:34.048Z
Fern Foster,fern.foster@srivensolutions.com,User,Designer,members AC_Bootcamp_US_February_2026,2026-01-31T18:46:51.837Z
Piper Flynn,piper.flynn@srivensolutions.com,User,Designer,members AgentCreatorBootcamp_EMEA_November_2025 AC_Bootcamp_US_February_2026 Bootcamp_EMEA_February_2026,2025-11-23T18:45:00.300Z
Devon Yamada,devon.yamada@siemens-energy.com,User,Designer,members AgentCreatorBootcampSiemensEnergy,2026-07-20T05:20:11.797Z
Nash Nguyen,nash.nguyen@nxp.com,User,Designer AutoSync,members AgentCreatorBootcamp_EMEA_June_2025,2025-06-15T21:27:51.845Z
Zara Ueda,zara.ueda@revantage.eu,User,Designer,members AgentCreatorBootcamp_EMEA_January_2026 Bootcamp_EMEA_February_2026,2025-10-17T06:46:17.841Z
Nash Kim,nash.kim@changeorange.com,User,Designer,members AgentCreatorBootcamp_EMEA_October_2025,2025-10-06T16:10:45.865Z
Vale Shah,vale.shah@cognizant.com,User,Designer,members AgentCreatorBootcamp_EMEA_March_2026 AgentCreatorBootcamp_EMEA_May_2026,2026-03-22T19:01:29.746Z
Jordan Wang,jordan.wang@coforge.com,User,Designer AutoSync,members AgentCreatorPartnerTraining,2025-02-24T10:17:43.600Z
Tatum Garcia,tatum.garcia@snaplogic.com,User,Designer,members,2026-01-31T17:28:42.241Z
Dana Vance,dana.vance@siemens-healthineers.com,User,Designer,members AgentCreatorBootcamp_EMEA_November_2025,2025-11-23T18:52:37.438Z
Uli Garcia,uli.garcia@infosys.com,User,Designer,members AgentCreatorBootcamp_EMEA_January_2026,2026-01-11T22:39:38.479Z
Mack Nash,mack.nash@bluealtair.com,User,Designer,members AC_Bootcamp_US_February_2026,2026-01-31T18:47:21.556Z
Mack Ellis,mack.ellis@gmail.com,User,Designer,members AgentCreatorBootcamp_EMEA_November_2025,2025-11-23T18:48:56.182Z
Willow Knox,willow.knox@snaplogic.com,User,Designer,members,2026-01-31T17:29:44.071Z
Fern Reyes,fern.reyes@snaplogic.com,Environment admin,Designer AutoSync,members admins,2023-05-04T22:04:23.887Z
Parker Miller,parker.miller@snaplogic.com,Environment admin,Designer AutoSync,members admins,2024-12-02T18:29:29.790Z
Oakley Wells,oakley.wells@snaplogic.com,User,Designer,members,2025-07-02T22:29:17.654Z
River Grant,river.grant@proceed.co.il,User,Designer,members PartnersReadOnly,2024-03-20T15:54:42.255Z
Zara Kim,zara.kim@nienetworks.co.uk,User,Designer,members AgentCreatorBootcamp_EMEA_March_2026,2026-03-22T19:05:20.757Z
Vale Ueda,vale.ueda@snaplogic.com,User,Designer,members,2025-04-27T16:10:34.182Z
Wren Diaz,wren.diaz@snaplogic.com,User,Designer,members,2025-04-27T16:11:30.960Z
Xander Holt,xander.holt@snaplogic.com,User,Designer,members,2025-04-27T16:12:15.909Z
Umber Utley,umber.utley@snaplogic.com,Environment admin,Designer AutoSync,members admins,2023-08-29T18:46:40.843Z
Umber Ueda,umber.ueda@ayming.com,User,Designer AutoSync,members AgentCreatorBootcamp_EMEA_June_2025,2025-03-07T10:03:53.136Z
Uli Xia,uli.xia@snaplogic.com,User,Designer,members AgentCreatorBootcamp_AMEA_August_2025 AgentCreatorBootcamp_EMEA_October_2025,2024-02-20T16:10:34.374Z
Yuki Utley,yuki.utley@snaplogic.com,Environment admin,Designer,members admins AgentCreatorBootcamp_EMEA_May_2025,2023-09-29T09:34:04.946Z
Taylor Grant,taylor.grant@ayming.com,User,AutoSync Designer,members AgentCreatorBootcamp_EMEA_June_2025,2025-03-17T11:07:33.327Z
Uli Utley,uli.utley@barnard.edu,User,Designer,members AgentCreatorBootcamp_EMEA_January_2026 AC_Bootcamp_US_February_2026,2026-01-11T22:26:12.015Z
Alex Miller,alex.miller@accenture.com,User,Designer AutoSync,members AgentCreatorBootcamp_EMEA_June_2025,2025-06-15T21:19:36.704Z
Oakley Brooks,oakley.brooks@infosys.com,User,Designer,members AgentCreatorBootcamp_EMEA_January_2026,2026-01-11T22:40:10.187Z
Taylor Park,taylor.park@siemens-energy.com,User,Designer,members AgentCreatorBootcampSiemensEnergy,2026-07-20T05:20:05.689Z
Xander Harris,xander.harris@hpe.com,User,Designer,members AgentCreatorBootcamp_AMER_May_2025,2025-05-12T15:00:46.933Z
Charlie Vega,charlie.vega@adobe.com,User,Designer,members AgentCreatorBootcamp_AMEA_August_2025,2025-08-08T15:18:08.327Z
Quinn Reyes,quinn.reyes@handd.co.uk,User,Designer,members AgentCreatorBootcamp_EMEA_May_2026,2026-05-17T21:18:18.979Z
Oakley Wells,oakley.wells@neevsystems.com,User,Designer,members AgentCreatorBootcamp_EMEA_October_2025,2025-09-18T11:42:26.568Z
Vale Xu,vale.xu@softcat.com,User,Designer,members AgentCreatorBootcamp_EMEA_January_2026,2026-01-11T22:38:45.361Z
Jamie Kim,jamie.kim@accenture.com,User,Designer,members AgentCreatorBootcampEMEA_June2026,2025-11-19T05:55:02.120Z
Gray Chen,gray.chen@siemens-energy.com,User,Designer,members AgentCreatorBootcampSiemensEnergy,2026-07-20T05:20:09.875Z
Hayden Jensen,hayden.jensen@gmail.com,User,Designer,members AgentCreatorBootcamp_EMEA_March_2026,2026-03-22T19:04:04.520Z
Noel Nash,noel.nash@in.ey.com,User,Designer,members US_Bootcamp_August_2025,2025-08-07T14:31:36.618Z
Skyler Nash,skyler.nash@planview.com,User,Designer,members Bootcamp_EMEA_February_2026,2026-02-22T12:12:05.326Z
Yael Evans,yael.evans@accenture.com,User,Designer AutoSync,members AgentCreatorBootcamp_EMEA_June_2025,2025-06-15T21:19:20.908Z
River Zhu,river.zhu@uow.edu.au,User,Designer,members AgentCreatorBootcamp_EMEA_October_2025,2025-10-06T16:15:04.643Z
Brett Quinn,brett.quinn@snaplogic.com,User,Designer,members AgentCreatorBootcamp_EMEA_November_2025,2025-11-23T18:47:30.646Z
Xen Moss,xen.moss@snaplogic.com,User,Designer,members AgentCreatorBootcamp_EMEA_January_2026,2026-01-11T22:40:03.800Z
Noel Flynn,noel.flynn@snaplogic.com,Environment admin,Designer AutoSync,members admins,2024-12-05T17:08:40.857Z
Nash Nash,nash.nash@snaplogic.com,Environment admin,Designer,members admins,2026-03-24T17:36:00.128Z
Devon Torres,devon.torres@spotify.com,User,Designer,members Bootcamp_EMEA_February_2026,2026-02-22T12:11:59.769Z
Vale Luna,vale.luna@baselinked.com,User,Designer AutoSync,members AgentCreatorPartnerTraining,2023-12-13T06:50:21.404Z
Oakley Harris,oakley.harris@nienetworks.co.uk,User,Designer,members AgentCreatorBootcamp_EMEA_March_2026,2026-01-09T08:04:53.575Z
Skyler Chen,skyler.chen@snaplogic.com,User,Designer,members AgentCreatorBootcamp_EMEA_January_2026,2026-01-11T22:40:14.853Z
Vesper Jensen,vesper.jensen@snaplogic.com,User,Designer,members,2026-01-31T17:29:49.522Z
Vale Vance,vale.vance@siemens-energy.com,User,Designer,members AgentCreatorBootcampSiemensEnergy,2026-07-19T12:43:44.497Z
Oakley Patel,oakley.patel@snaplogic.com,Environment admin,Designer AutoSync,members admins,2024-10-14T14:52:29.457Z
Uli Singh,uli.singh@primetherapeutics.com,User,Designer,members AC_Bootcamp_US_February_2026,2026-02-02T17:14:45.249Z
Uli Vance,uli.vance@snaplogic.com,Environment admin,Designer,members admins,2023-05-19T09:51:21.662Z
Dana Zhu,dana.zhu@siemens-healthineers.com,User,Designer,members AgentCreatorBootcamp_EMEA_November_2025,2025-11-23T18:49:44.397Z
Kelly Flynn,kelly.flynn@siemens-energy.com,User,Designer,members US_Bootcamp_August_2025,2025-08-07T14:27:10.379Z
Devon Vega,devon.vega@primetherapeutics.com,User,Designer,members AC_Bootcamp_US_February_2026,2026-02-02T17:11:04.475Z
Parker Wells,parker.wells@gmail.com,User,Designer,members AgentCreatorBootcamp_AMEA_August_2025,2025-08-08T15:24:42.591Z
Blake Ibarra,blake.ibarra@cognizant.com,User,Designer,members Bootcamp_EMEA_February_2026,2026-02-23T09:21:57.903Z
Noel Reid,noel.reid@cognizant.com,User,Designer AutoSync,members AgentCreatorTraining Cognizant,2025-04-07T08:26:28.572Z
Parker Reid,parker.reid@dentsu.com,User,Designer,members AgentCreatorBootcampEMEA_June2026,2026-06-24T06:58:03.164Z
Oakley Ueda,oakley.ueda@infosys.com,User,Designer,members AgentCreatorBootcamp_AMEA_August_2025 Infosys,2025-08-08T15:15:27.010Z
Avery Ellis,avery.ellis@infosys.com,User,Designer,members AgentCreatorBootcamp_EMEA_January_2026,2026-01-11T22:40:22.194Z
Zion Wells,zion.wells@snaplogic.com,User,Designer,members,2026-01-31T17:29:53.455Z
Nash Ortiz,nash.ortiz@falcorp.co.za,User,Designer,members AgentCreatorBootcampEMEA_June2026,2026-05-19T07:31:50.832Z
Harper Iyer,harper.iyer@outlook.com,User,Designer,members AgentCreatorBootcamp_EMEA_March_2026 AgentCreatorBootcampEMEA_June2026,2026-03-22T19:05:43.973Z
Morgan Lopez,morgan.lopez@siemens-energy.com,User,Designer,members AgentCreatorBootcampSiemensEnergy,2026-07-19T12:43:34.334Z
Quinn Vance,quinn.vance@snaplogic.com,User,Designer,members,2026-01-31T17:30:14.581Z
Blake York,blake.york@yash.com,User,Designer,members AgentCreatorBootcamp_AMER_May_2025,2025-05-12T15:00:40.723Z
Avery Evans,avery.evans@smarterp.com,User,Designer,members AgentCreatorBootcampEMEA_June2026,2026-06-24T06:57:28.381Z
Fern Nash,fern.nash@srivensolutions.com,User,Designer,members Sriven,2026-01-08T15:10:15.783Z
Lee Reid,lee.reid@gmail.com,User,Designer,members AgentCreatorBootcamp_AMER_May_2025,2025-05-15T16:04:47.189Z
Drew Ibarra,drew.ibarra@infosys.com,User,Designer,members AgentCreatorBootcamp_EMEA_January_2026,2026-01-11T22:25:58.816Z
Jordan Harris,jordan.harris@siemens-healthineers.com,User,Designer,members AgentCreatorBootcamp_EMEA_October_2025 AgentCreatorBootcamp_EMEA_November_2025,2025-10-06T16:12:04.879Z
Reese Vega,reese.vega@srivensolutions.com,User,Designer,members AC_Bootcamp_US_February_2026,2026-01-31T18:47:52.580Z
Mack Jensen,mack.jensen@primetherapeutics.com,User,Designer,members AC_Bootcamp_US_February_2026,2026-02-04T14:21:02.773Z
Ellis Brooks,ellis.brooks@collinsongroup.com,User,Designer AutoSync,members AgentCreatorBootcamp_EMEA_June_2025,2025-06-15T21:26:18.493Z
Eden Kim,eden.kim@coforge.com,User,Designer AutoSync,members AgentCreatorPartnerTraining,2024-09-25T11:54:45.744Z
Oakley Kim,oakley.kim@cognizant.com,User,Designer,members AgentCreatorBootcamp_AMEA_August_2025 Cognizant AgentCreatorBootcamp_EMEA_March_2026 AgentCreatorBootcampEMEA_June2026,2025-08-08T15:17:17.421Z
Charlie Quinn,charlie.quinn@gmail.com,User,Designer,members AgentCreatorBootcampEMEA_June2026,2026-06-24T08:50:56.549Z
Lane Miller,lane.miller@snaplogic.com,Environment admin,Designer,members admins,2023-05-04T22:03:31.811Z
Harper Cooper,harper.cooper@snaplogic.com,Environment admin,Designer,members admins,2023-05-02T22:58:18.768Z
Avery Yamada,avery.yamada@snaplogic.com,Environment admin,Designer,members admins AgentCreatorBootcamp_EMEA_October_2025 AgentCreatorBootcamp_EMEA_November_2025,2025-07-25T13:11:32.789Z
Hayden Tran,hayden.tran@snaplogic.com,Environment admin,Designer,members admins,2023-09-22T17:53:26.792Z
Kelly Reyes,kelly.reyes@ayming.com,User,AutoSync Designer,members AgentCreatorBootcamp_EMEA_June_2025,2025-01-13T10:07:23.950Z
Lane Moss,lane.moss@gmail.com,User,Designer,members Bootcamp_EMEA_February_2026,2026-02-22T12:12:24.379Z
Harper Ibarra,harper.ibarra@sony.com,User,Designer AutoSync,members AgentCreatorBootcamp_EMEA_June_2025,2025-06-15T21:28:16.824Z
Finley Vance,finley.vance@ghdhair.com,User,Designer AutoSync,members AgentCreatorBootcamp_EMEA_June_2025,2025-06-15T21:18:47.503Z
Kelly Wang,kelly.wang@gmail.com,User,Designer,members AgentCreatorBootcampEMEA_June2026,2026-06-24T08:52:38.347Z
Skyler Reid,skyler.reid@accenture.com,User,Designer,members AgentCreatorBootcamp_EMEA_November_2025,2025-11-23T18:51:12.863Z
Tatum Foster,tatum.foster@veolia.com,User,Designer,members AgentCreatorBootcamp_EMEA_May_2026,2026-05-17T21:19:50.878Z
Eden Diaz,eden.diaz@datapipertech.com,User,Designer,members AgentCreatorBootcamp_EMEA_May_2026,2026-05-17T21:19:44.708Z
Avery Vance,avery.vance@infosys.com,User,Designer,members AgentCreatorBootcamp_EMEA_January_2026,2026-01-11T22:38:41.936Z
Skyler Ueda,skyler.ueda@cognizant.com,User,Designer AutoSync,members AgentCreatorBootcamp_EMEA_June_2025 AgentCreatorBootcamp_EMEA_June_2025_GroupB Cognizant,2025-06-15T21:27:01.763Z
Tatum Patel,tatum.patel@siemens-energy.com,User,Designer,members AgentCreatorBootcampSiemensEnergy,2026-07-19T12:42:34.777Z
Zara Harris,zara.harris@emirates.com,User,Designer,members AgentCreatorBootcamp_EMEA_May_2026,2026-05-17T21:19:40.855Z
Jamie Harris,jamie.harris@freshfields.com,User,Designer,members Bootcamp_EMEA_February_2026,2026-02-22T12:11:07.496Z
Alex Torres,alex.torres@newrez.com,User,Designer,members AgentCreatorBootcamp_AMEA_August_2025,2025-06-27T15:55:34.123Z
Umber Moss,umber.moss@srivensolutions.com,User,Designer,members AC_Bootcamp_US_February_2026,2026-01-31T18:45:41.408Z
Lane Ueda,lane.ueda@algorithmicenergytrading.com,User,Designer,members AgentCreatorBootcamp_EMEA_May_2026,2026-05-17T21:19:02.576Z
Alex Foster,alex.foster@coforge.com,User,Designer,members AgentCreatorBootcamp_AMEA_August_2025,2025-08-08T15:16:46.391Z
Parker Singh,parker.singh@accenture.com,User,Designer,members AgentCreatorBootcamp_EMEA_November_2025,2025-11-23T18:49:50.566Z
Lee Baker,lee.baker@siemens-healthineers.com,User,Designer,members AgentCreatorSHSTraining AgentCreatorBootcamp_AMER_May_2025 AgentCreatorBootcamp_EMEA_May_2025,2025-04-28T10:44:42.229Z
Jamie Diaz,jamie.diaz@galeysystems.com,User,Designer,members AC_Bootcamp_US_February_2026,2026-01-31T18:48:41.524Z
Wren Shah,wren.shah@infosys.com,User,Designer,members AgentCreatorBootcampEMEA_June2026,2026-06-24T06:58:12.914Z
Kelly Park,kelly.park@wd40.com,User,Designer,members Bootcamp_EMEA_February_2026,2026-02-22T12:14:48.416Z
Tatum Foster,tatum.foster@cognizant.com,User,Designer AutoSync,members AgentCreatorTraining Cognizant,2025-04-07T08:22:30.469Z
Lee Park,lee.park@infosys.com,User,Designer,members AgentCreatorBootcamp_EMEA_June_2025 AgentCreatorBootcamp_EMEA_November_2025 Infosys,2025-06-30T16:01:06.486Z
Charlie Brooks,charlie.brooks@snaplogic.com,Environment admin,Designer,members admins AgentCreatorBootcamp_AMER_May_2025 US_Bootcamp_August_2025,2025-05-09T23:23:07.138Z
Alex Singh,alex.singh@snaplogic.com,User,Designer,members,2026-01-31T17:30:20.711Z
Drew Torres,drew.torres@bluealtair.com,User,Designer,members AC_Bootcamp_US_February_2026,2026-01-31T18:49:09.388Z
Uli Reid,uli.reid@mphasis.com,User,Designer,members AgentCreatorBootcamp_EMEA_January_2026,2026-01-11T22:38:12.498Z
Alex Nguyen,alex.nguyen@guardanthealth.com,User,Designer,members US_Bootcamp_August_2025,2025-08-07T14:28:55.367Z
Harper Singh,harper.singh@snaplogic.com,Environment admin,Designer AutoSync,members admins Bootcamp_US_June_2025,2023-08-28T19:51:02.295Z
Parker Ortiz,parker.ortiz@snaplogic.com,User,Designer,members,2024-05-16T09:40:14.823Z
Tatum York,tatum.york@snaplogic.com,User,Designer AutoSync,members,2023-12-15T15:40:09.047Z
Taylor Holt,taylor.holt@snaplogic.com,Environment admin,Designer AutoSync,members admins,2024-10-11T16:21:49.724Z
Skyler Yamada,skyler.yamada@gmail.com,User,Designer,members AgentCreatorBootcampEMEA_June2026,2026-06-24T08:51:21.912Z
Gray Davis,gray.davis@bfusa.com,User,Designer,members AgentCreatorBootcampEMEA_June2026,2026-06-24T06:57:12.326Z
Quinn Patel,quinn.patel@gmail.com,User,Designer AutoSync,members AgentCreatorBootcamp_EMEA_June_2025,2025-06-15T21:10:43.572Z
Avery Xia,avery.xia@infosys.com,User,Designer,members Bootcamp_US_June_2025 Infosys AgentCreatorBootcamp_EMEA_January_2026,2025-06-27T15:56:05.657Z
Zara Ellis,zara.ellis@snaplogic.com,User,Designer AutoSync,members,2023-10-11T13:36:23.516Z
Brett Zhu,brett.zhu@techseed.se,User,Designer,members Bootcamp_EMEA_February_2026,2026-02-22T12:09:49.014Z
Charlie Wells,charlie.wells@iplschoeller.com,User,Designer,members AgentCreatorBootcampEMEA_June2026,2026-06-24T06:59:16.779Z
Zara Park,zara.park@collinsongroup.com,User,Designer AutoSync,members AgentCreatorBootcamp_EMEA_June_2025,2025-06-15T21:23:58.762Z
Yuki Wang,yuki.wang@gmail.com,User,Designer,members AgentCreatorBootcamp_EMEA_March_2026,2026-03-22T19:05:27.912Z
Oakley Foster,oakley.foster@siemens-energy.com,User,Designer,members AgentCreatorBootcampSiemensEnergy,2026-07-19T12:43:12.170Z
Indira Ueda,indira.ueda@snaplogic.com,User,Designer,members,2026-01-31T17:30:24.955Z
Devon Ueda,devon.ueda@infosys.com,User,Designer,members AgentCreatorBootcamp_EMEA_October_2025 AgentCreatorBootcamp_EMEA_November_2025 Infosys AgentCreatorBootcamp_EMEA_January_2026 Bootcamp_EMEA_February_2026,2025-10-06T16:11:34.886Z
Parker Flynn,parker.flynn@gmail.com,User,Designer AutoSync,members AgentCreatorBootcamp_EMEA_June_2025,2025-06-15T21:27:28.593Z
Hayden Zhu,hayden.zhu@infosys.com,User,Designer,members AgentCreatorBootcamp_AMEA_August_2025 Infosys,2025-08-08T15:21:47.067Z
Xen Lopez,xen.lopez@siemens-energy.com,User,Designer,members AgentCreatorBootcampSiemensEnergy,2026-07-19T12:42:59.013Z
Hayden Tran,hayden.tran@snaplogic.com,User,Designer,members AC_Bootcamp_US_February_2026,2026-02-02T16:59:53.270Z
Vesper Shah,vesper.shah@snaplogic.com,Environment admin,Designer AutoSync,members admins,2023-08-23T17:27:29.370Z
Yael Singh,yael.singh@bisontransport.com,User,Designer,members AC_Bootcamp_US_February_2026,2026-01-31T18:48:01.742Z
Quinn Shah,quinn.shah@snaplogic.com,User,Designer,members,2026-01-31T17:30:30.027Z
Lee Moss,lee.moss@siemens-energy.com,User,Designer,members AgentCreatorBootcampSiemensEnergy,2026-07-19T12:43:18.169Z
Umber Xia,umber.xia@snaplogic.com,User,Designer,members,2026-01-31T17:30:36.850Z
Indira Moss,indira.moss@in.ibm.com,User,Designer,members AgentCreatorBootcamp_EMEA_May_2026,2026-05-17T21:19:06.531Z
Xander York,xander.york@intuit.com,User,Designer,members AgentCreatorBootcampEMEA_June2026,2026-06-24T06:58:55.727Z
Wren Torres,wren.torres@gmail.com,User,Designer,members AgentCreatorBootcampEMEA_June2026,2026-06-24T08:49:05.003Z
Mack Quinn,mack.quinn@snaplogic.com,User,Designer,members,2026-01-31T17:30:41.488Z
Reese Brooks,reese.brooks@snaplogic.com,User,Designer,members AgentCreatorBootcamp_EMEA_October_2025,2023-12-14T13:03:26.016Z
Hayden Knox,hayden.knox@mphasis.com,User,Designer,members AgentCreatorBootcamp_EMEA_January_2026,2026-01-11T22:38:23.077Z
Uli Osei,uli.osei@gmail.com,User,Designer,members AC_Bootcamp_US_February_2026,2026-01-31T18:49:23.833Z
Uli Ellis,uli.ellis@snaplogic.com,User,Designer,members AC_Bootcamp_US_February_2026,2026-01-31T18:48:55.854Z
Xander Flynn,xander.flynn@snaplogic.com,User,Designer,members AgentCreatorBootcamp_AMEA_August_2025,2023-12-07T09:58:31.505Z
Umber Xu,umber.xu@snaplogic.com,User,Designer,members AgentCreatorBootcamp_EMEA_January_2026,2026-01-11T22:37:33.491Z
Harper Evans,harper.evans@snaplogic.com,User,Designer,members US_Bootcamp_August_2025,2025-08-07T15:45:54.228Z
Dana Patel,dana.patel@snaplogic.com,Environment admin,Designer AutoSync,members admins,2023-10-11T13:35:53.666Z
Tatum Holt,tatum.holt@snaplogic.com,User,Designer,members AgentCreatorBootcamp_EMEA_January_2026,2026-01-11T22:38:17.184Z
Kelly Wang,kelly.wang@cognizant.com,User,Designer AutoSync,members AgentCreatorBootcamp_EMEA_June_2025 AgentCreatorBootcamp_EMEA_June_2025_GroupB Cognizant,2025-02-12T08:43:01.947Z
Gray Wells,gray.wells@capgemini.com,User,Designer,members Bootcamp_US_June_2025,2025-06-18T05:47:59.551Z
Finley Ellis,finley.ellis@cognizant.com,User,Designer,members Bootcamp_EMEA_February_2026,2025-10-06T05:46:59.388Z
Blake Holt,blake.holt@hpe.com,User,Designer,members AgentCreatorBootcamp_EMEA_June_2025 Bootcamp_US_June_2025,2025-06-27T15:47:48.165Z
Zion Harris,zion.harris@nienetworks.co.uk,User,Designer,members AgentCreatorBootcamp_EMEA_March_2026,2026-03-22T19:04:44.719Z
Tatum Zhu,tatum.zhu@nienetworks.co.uk,User,Designer,members AgentCreatorBootcamp_EMEA_March_2026,2025-10-13T09:06:43.051Z
Mack Brooks,mack.brooks@tricentis.com,User,Designer,members AgentCreatorBootcamp_EMEA_June_2025,2025-06-30T15:50:11.689Z
Mack Foster,mack.foster@accenture.com,User,Designer,members AgentCreatorBootcamp_EMEA_November_2025,2025-11-23T18:50:22.587Z
Vale Diaz,vale.diaz@posteo.de,User,Designer,members AgentCreatorBootcamp_EMEA_March_2026,2026-03-22T19:03:19.794Z
Sage Baker,sage.baker@mind.org.uk,User,Designer,members Bootcamp_EMEA_February_2026,2024-11-15T14:28:32.389Z
Lee Wells,lee.wells@accenture.com,User,Designer AutoSync,members AgentCreatorBootcamp_EMEA_June_2025,2025-06-15T21:19:06.317Z
Noel Quinn,noel.quinn@snaplogic.com,Environment admin,Designer,members admins,2024-05-12T07:06:03.312Z
Fern Vega,fern.vega@drax.com,User,Designer,members AgentCreatorBootcamp_EMEA_October_2025,2025-10-06T16:16:53.663Z
Dana Cooper,dana.cooper@siemens-energy.com,User,Designer,members AgentCreatorBootcampSiemensEnergy,2026-07-19T12:42:55.080Z
Taylor Xu,taylor.xu@accenture.com,User,Designer,members AgentCreatorBootcamp_AMEA_August_2025,2025-08-08T15:17:32.097Z
Lee Reid,lee.reid@yash.com,User,Designer AutoSync,members AgentCreatorBootcamp_EMEA_June_2025,2025-05-18T20:58:49.439Z
Xen Brooks,xen.brooks@collinsongroup.com,User,Designer AutoSync,members AgentCreatorBootcamp_EMEA_June_2025,2025-06-15T21:23:41.490Z
Xen Ortiz,xen.ortiz@siemens-energy.com,User,Designer,members AgentCreatorBootcampSiemensEnergy,2026-07-19T12:43:50.963Z
Jordan Osei,jordan.osei@cognizant.com,User,Designer AutoSync,members AgentCreatorBootcamp_EMEA_June_2025 Cognizant,2025-06-15T21:28:35.736Z
Avery Adams,avery.adams@srivensolutions.com,User,Designer,members Sriven AC_Bootcamp_US_February_2026 AgentCreatorBootcamp_EMEA_May_2026,2026-01-31T18:49:46.884Z
Drew Reyes,drew.reyes@ideagen.com,User,Designer,members AgentCreatorBootcamp_EMEA_March_2026 AgentCreatorBootcamp_EMEA_May_2026,2026-03-22T19:02:41.616Z
Casey Cooper,casey.cooper@cognizant.com,User,Designer AutoSync,members AgentCreatorBootcamp_EMEA_May_2025 Cognizant,2025-04-30T07:26:38.813Z
Zara Utley,zara.utley@gmail.com,User,Designer,members AC_Bootcamp_US_February_2026,2026-01-31T18:50:03.494Z
Jordan Miller,jordan.miller@gmail.com,User,Designer,members AgentCreatorBootcamp_EMEA_June_2025,2025-06-30T16:02:16.774Z
Kai Ueda,kai.ueda@yash.com,User,Designer,members Bootcamp_US_June_2025,2025-06-27T15:48:32.461Z
Oakley Johal,oakley.johal@birlasoft.com,User,Designer,members AgentCreatorBootcampEMEA_June2026,2026-06-24T06:58:45.741Z
Jordan Ellis,jordan.ellis@gmail.com,User,Designer,members AgentCreatorBootcamp_EMEA_June_2025 AgentCreatorBootcamp_EMEA_January_2026 AgentCreatorBootcampEMEA_June2026,2025-06-15T21:22:50.997Z
Drew Flynn,drew.flynn@gmail.com,User,Designer AutoSync,members AgentCreatorBootcamp_EMEA_June_2025,2025-06-15T21:18:12.125Z
Kelly Wells,kelly.wells@gmail.com,User,Designer,members AgentCreatorBootcamp_EMEA_November_2025,2025-11-23T18:43:42.443Z
Oakley Adams,oakley.adams@syngenta.com,User,Designer AutoSync,members AgentCreatorBootcamp_EMEA_May_2025,2025-05-18T20:59:02.228Z
Yuki Wells,yuki.wells@snaplogic.com,User,Designer,members,2026-01-31T17:30:48.301Z
Parker Zhu,parker.zhu@siemens-energy.com,User,Designer,members AgentCreatorBootcampSiemensEnergy,2026-07-19T12:42:52.525Z
Yael Zhang,yael.zhang@primetherapeutics.com,User,Designer AutoSync,members AgentCreatorBootcamp_EMEA_June_2025,2025-06-15T21:13:53.024Z
Casey Ellis,casey.ellis@snaplogic.com,User,Designer,members,2026-01-31T17:31:43.259Z
Finley Xu,finley.xu@wipro.com,User,Designer AutoSync,members AgentCreatorPartnerTraining,2025-02-24T10:18:23.804Z
Tatum Nash,tatum.nash@primetherapeutics.com,User,Designer,members AC_Bootcamp_US_February_2026,2026-02-03T16:46:26.432Z
Mack Ellis,mack.ellis@opusenergy.com,User,Designer,members AgentCreatorBootcamp_EMEA_May_2026,2026-05-17T21:18:02.255Z
Oakley York,oakley.york@infosys.com,User,Designer,members AgentCreatorBootcamp_EMEA_January_2026,2026-01-11T22:40:12.319Z
Hayden York,hayden.york@infosys.com,User,Designer,members US_Bootcamp_August_2025 AgentCreatorBootcamp_AMEA_August_2025 Infosys,2025-08-12T08:02:23.040Z
Noel Torres,noel.torres@infosys.com,User,Designer,members AgentCreatorBootcamp_EMEA_November_2025 Infosys,2025-10-06T16:14:35.035Z
Lane Zhu,lane.zhu@allotltd.com,User,Designer AutoSync,members AgentCreatorPartnerTraining,2025-01-14T09:48:43.787Z
Casey Knox,casey.knox@snaplogic.com,User,Designer,members,2026-01-31T17:31:49.855Z
Devon Vance,devon.vance@cognizant.com,User,Designer AutoSync,members AgentCreatorTraining Cognizant,2025-04-07T08:23:06.871Z
Piper Vance,piper.vance@infosys.com,User,Designer,members AgentCreatorBootcamp_EMEA_November_2025 Infosys,2025-11-23T18:45:24.385Z
Casey Quinn,casey.quinn@siemens-energy.com,User,Designer,members AgentCreatorBootcampSiemensEnergy,2026-07-20T05:20:22.654Z
Lane Miller,lane.miller@infosys.com,User,Designer AutoSync,members AgentCreatorBootcamp_EMEA_June_2025 AgentCreatorBootcamp_EMEA_October_2025 Infosys,2025-06-15T21:25:02.670Z
Eden Utley,eden.utley@spiratec.com,User,Designer,members Bootcamp_EMEA_February_2026,2026-02-22T12:09:37.919Z
Charlie Chen,charlie.chen@capgemini.com,User,Designer AutoSync,members AgentCreatorBootcamp_EMEA_June_2025,2025-06-15T21:23:07.282Z
Oakley Evans,oakley.evans@siemens-healthineers.com,User,Designer AutoSync,members AgentCreatorSHSTraining,2025-04-28T10:47:25.780Z
Lee Zhang,lee.zhang@yash.com,User,Designer,members AgentCreatorBootcamp_AMER_May_2025,2025-05-12T15:00:44.461Z
Kai Cooper,kai.cooper@enate.net,User,Designer,members,2024-09-18T14:50:29.336Z
Yael Foster,yael.foster@hitachidigital.com,User,Designer,members AgentCreatorBootcampEMEA_June2026,2026-06-24T06:58:09.063Z
Wren Harris,wren.harris@yash.com,User,Designer AutoSync,members AgentCreatorBootcamp_EMEA_May_2025,2025-05-18T20:59:13.166Z
Brett Flynn,brett.flynn@infosys.com,User,Designer AutoSync,members AgentCreatorBootcamp_EMEA_June_2025 Infosys,2025-06-15T21:27:40.837Z
Hayden Knox,hayden.knox@snaplogic.com,User,Designer AutoSync,members,2026-03-09T07:08:36.892Z
Noel Quinn,noel.quinn@snaplogic.com,Environment admin,Designer AutoSync,members admins,2023-12-21T19:22:05.081Z
Skyler Grant,skyler.grant@snaplogic.com,Environment admin,Designer,members admins,2025-04-09T20:41:32.639Z
Piper Zhang,piper.zhang@snaplogic.com,Environment admin,Designer,members admins AgentCreatorBootcamp_EMEA_June_2025 AgentCreatorBootcamp_EMEA_October_2025 AgentCreatorBootcamp_EMEA_January_2026 Bootcamp_EMEA_February_2026,2024-04-02T11:42:53.676Z
Eden Xia,eden.xia@uow.edu.au,User,Designer,members AgentCreatorBootcamp_EMEA_October_2025,2025-10-06T16:16:30.819Z
Blake Utley,blake.utley@siemens-energy.com,User,Designer,members AgentCreatorBootcampSiemensEnergy,2026-07-20T05:20:24.493Z
Dana Torres,dana.torres@siemens-energy.com,User,Designer,members AgentCreatorBootcampSiemensEnergy,2026-07-20T05:20:20.905Z
Harper Nguyen,harper.nguyen@revantage.eu,User,Designer,members AgentCreatorBootcamp_EMEA_January_2026,2024-09-17T11:30:20.386Z
River Nash,river.nash@amherst.edu,User,Designer,members AgentCreatorBootcamp_EMEA_June_2025 Bootcamp_US_June_2025,2025-06-30T14:56:25.291Z
Mack Shah,mack.shah@edelmanfinancialengines.com,User,Designer,members US_Bootcamp_August_2025,2025-08-07T14:31:58.759Z
Reese Adams,reese.adams@cognizant.com,User,Designer AutoSync,members Cognizant,2025-05-18T20:59:23.083Z
Jamie Luna,jamie.luna@in.ey.com,User,Designer,members AgentCreatorBootcamp_EMEA_November_2025,2025-11-23T18:44:05.795Z
Morgan Patel,morgan.patel@siemens-healthineers.com,User,AutoSync Designer,members AgentCreatorBootcamp_EMEA_May_2025 AgentCreatorBootcamp_EMEA_June_2025,2025-05-18T20:55:05.054Z
Nash Vance,nash.vance@deloitte.com,User,Designer,members AgentCreatorBootcamp_EMEA_January_2026,2026-01-11T22:27:00.461Z
Eden Kim,eden.kim@siemens-healthineers.com,User,Designer AutoSync,members AgentCreatorSHSTraining,2025-04-28T11:15:23.586Z
Alex Lopez,alex.lopez@rojoconsultancy.com,User,Designer AutoSync,members AgentCreatorBootcamp_EMEA_June_2025,2025-06-15T21:18:32.772Z
Avery Zhang,avery.zhang@rojoconsultancy.com,User,Designer,members AgentCreatorBootcamp_EMEA_June_2025,2024-03-18T14:32:20.354Z
Vesper Brooks,vesper.brooks@snaplogic.com,User,Designer,members,2026-01-31T17:31:56.036Z
Finley Grant,finley.grant@snaplogic.com,User,Designer,members,2026-01-31T17:32:24.482Z
Nash Yamada,nash.yamada@accenture.com,User,Designer,members AgentCreatorBootcampEMEA_June2026,2026-06-24T06:57:19.258Z
Oakley Iyer,oakley.iyer@in.ey.com,User,Designer,members US_Bootcamp_August_2025,2025-07-30T10:27:39.855Z
Lee Holt,lee.holt@infosys.com,User,Designer,members AgentCreatorBootcamp_EMEA_June_2025 AgentCreatorBootcamp_EMEA_October_2025 AgentCreatorBootcamp_EMEA_November_2025 Infosys AgentCreatorBootcamp_EMEA_January_2026 Bootcamp_EMEA_February_2026,2025-06-15T21:24:11.734Z
Oakley Adams,oakley.adams@siemens-energy.com,User,Designer,members AgentCreatorBootcampSiemensEnergy,2026-07-19T12:43:40.919Z
Gray Adams,gray.adams@srivensolutions.com,User,Designer,members AgentCreatorBootcamp_AMEA_August_2025,2025-08-08T15:19:53.245Z
Yael Garcia,yael.garcia@srivensolutions.com,User,Designer,members Sriven Bootcamp_EMEA_February_2026 AgentCreatorBootcamp_EMEA_March_2026,2026-02-03T23:52:49.892Z
Hayden Tran,hayden.tran@accenture.com,User,Designer,members AgentCreatorBootcamp_EMEA_November_2025,2025-11-23T18:47:59.796Z
Vesper Wang,vesper.wang@bluealtair.com,User,Designer,members AC_Bootcamp_US_February_2026,2026-01-31T18:50:12.220Z
Umber Miller,umber.miller@primetherapeutics.com,User,Designer,members AC_Bootcamp_US_February_2026,2026-02-02T17:00:45.759Z
Piper Garcia,piper.garcia@opusenergy.com,User,Designer,members AgentCreatorBootcamp_EMEA_March_2026,2026-03-22T19:01:50.971Z
Jamie Nguyen,jamie.nguyen@siemens-healthineers.com,User,Designer,members AgentCreatorBootcamp_EMEA_January_2026 Bootcamp_EMEA_February_2026,2026-01-11T22:24:52.244Z
Umber Wells,umber.wells@bluealtair.com,User,Designer,members AC_Bootcamp_US_February_2026,2026-01-31T18:50:26.052Z
Yael Foster,yael.foster@cognizant.com,User,Designer,members Bootcamp_EMEA_February_2026,2025-03-12T10:31:16.311Z
Kai Xia,kai.xia@gmail.com,User,Designer,members AgentCreatorBootcamp_AMER_May_2025,2025-05-15T15:58:23.904Z
Jamie Quinn,jamie.quinn@hexaware.com,User,Designer AutoSync,members AgentCreatorBootcamp_EMEA_June_2025,2025-06-15T21:15:02.472Z
Yael Lopez,yael.lopez@avanade.com,User,Designer,members,2026-02-02T20:09:11.843Z
Finley Harris,finley.harris@colep-cp.com,User,Designer,members Bootcamp_EMEA_February_2026,2026-02-22T12:11:13.919Z
Zion Reid,zion.reid@accorplus.com,User,Designer,members AgentCreatorBootcamp_EMEA_November_2025,2025-11-23T18:44:28.673Z
Zion Shah,zion.shah@gmail.com,User,Designer,members,2026-06-22T10:15:04.081Z
Taylor Zhang,taylor.zhang@syngenta.com,User,Designer AutoSync,members AgentCreatorBootcamp_EMEA_June_2025,2025-06-15T21:11:01.457Z
Yuki Chen,yuki.chen@cat.com,User,AutoSync Designer,members AgentCreatorBootcamp_EMEA_June_2025,2025-06-15T21:16:02.948Z
Eden Vega,eden.vega@planview.com,User,Designer,members Bootcamp_EMEA_February_2026,2026-02-22T12:12:10.736Z
Finley Chen,finley.chen@ea.com,User,Designer,members AC_Bootcamp_US_February_2026,2026-01-31T18:49:35.195Z
Piper Jensen,piper.jensen@snaplogic.com,Environment admin,Designer,members admins AgentCreatorBootcamp_EMEA_June_2025 AgentCreatorBootcamp_EMEA_October_2025 AgentCreatorBootcamp_EMEA_November_2025 AgentCreatorBootcamp_EMEA_January_2026 AC_Bootcamp_US_February_2026 Bootcamp_EMEA_February_2026,2025-06-15T21:12:02.044Z
Jamie Adams,jamie.adams@halo.com,User,Designer,members,2025-11-03T22:58:46.126Z
Yael Vega,yael.vega@snaplogic.com,Environment admin,Designer,members admins,2025-06-20T21:24:56.971Z
Skyler Iyer,skyler.iyer@snaplogic.com,Environment admin,Designer AutoSync,members admins,2023-08-14T11:13:02.315Z
Kai Vance,kai.vance@snaplogic.com,User,Designer,members AgentCreatorBootcamp_EMEA_January_2026,2026-01-11T22:38:04.207Z
Drew Harris,drew.harris@gmail.com,User,Designer,members,2026-07-22T09:35:13.239Z
Sage Osei,sage.osei@gmail.com,Environment admin,Designer AutoSync,members admins,2025-09-09T22:53:34.852Z
Kelly Miller,kelly.miller@gmail.com,User,Designer,members,2025-01-14T14:30:29.029Z
Wren Evans,wren.evans@snaplogic.com,User,Designer,members AgentCreatorBootcamp_AMEA_August_2025,2024-01-18T05:36:54.393Z
Lane Ueda,lane.ueda@snaplogic.com,User,Designer,members ReadOnly AgentCreatorBootcamp_AMEA_August_2025,2025-08-10T18:49:58.632Z
Oakley Brooks,oakley.brooks@snaplogic.com,Environment admin,Designer AutoSync,members admins ReadOnly,2023-10-13T16:15:53.250Z
Jamie Evans,jamie.evans@snaplogic.com,Environment admin,Designer AutoSync,members admins,2023-10-13T16:24:33.521Z
Xander Vance,xander.vance@rapidcircle.com,User,Designer,members AgentCreatorBootcamp_AMEA_August_2025 AgentCreatorBootcamp_EMEA_May_2026,2025-08-08T15:32:20.374Z
Zara Cooper,zara.cooper@gmail.com,User,Designer,members US_Bootcamp_August_2025 AgentCreatorBootcamp_EMEA_October_2025 AgentCreatorBootcamp_EMEA_November_2025,2025-08-07T14:26:18.650Z
Indira Davis,indira.davis@tyson.com,User,Designer,members AgentCreatorBootcampEMEA_June2026,2026-06-24T06:57:55.805Z
Drew Shah,drew.shah@gmail.com,User,Designer,members AgentCreatorBootcampEMEA_June2026,2026-06-24T08:50:28.389Z
Kelly Utley,kelly.utley@gmail.com,User,Designer,members AgentCreatorBootcamp_EMEA_November_2025,2025-11-23T18:43:35.890Z
Alex Iyer,alex.iyer@snaplogic.com,Environment admin,Designer,members admins,2024-07-17T08:32:18.133Z
Dana Foster,dana.foster@snaplogic.com,Environment admin,Designer,members admins,2023-05-02T22:36:05.865Z
Avery Moss,avery.moss@snaplogic.com,Environment admin,Designer,members admins,2024-01-24T09:27:14.205Z
Sage Holt,sage.holt@yash.com,User,Designer,members AgentCreatorBootcamp_AMER_May_2025,2025-05-12T15:00:37.796Z
Taylor Torres,taylor.torres@infosys.com,User,Designer,members AgentCreatorBootcamp_EMEA_January_2026,2026-01-11T22:37:45.446Z
Dana Vega,dana.vega@coforge.com,User,AutoSync Designer,members AgentCreatorBootcamp_EMEA_June_2025,2024-06-07T08:26:16.861Z
Morgan Evans,morgan.evans@yash.com,User,Designer AutoSync,members AgentCreatorBootcamp_EMEA_June_2025,2025-06-15T21:11:36.905Z
Avery Patel,avery.patel@astrazeneca.com,User,Designer AutoSync,members AgentCreatorBootcamp_EMEA_May_2025 AgentCreatorBootcamp_EMEA_June_2025,2025-05-18T21:00:00.567Z
Gray Zhang,gray.zhang@primetherapeutics.com,User,Designer,members AC_Bootcamp_US_February_2026,2026-02-03T20:08:25.229Z
Willow Utley,willow.utley@srivensolutions.com,User,Designer,members AC_Bootcamp_US_February_2026,2026-01-31T18:50:54.370Z
Hayden York,hayden.york@srivensolutions.com,User,Designer,members AC_Bootcamp_US_February_2026,2026-01-31T18:47:41.231Z
Taylor Ellis,taylor.ellis@srivensolutions.com,User,Designer,members Sriven,2026-03-26T09:31:13.176Z
Skyler Singh,skyler.singh@snaplogic.com,Environment admin,Designer AutoSync,members admins,2024-04-11T16:44:58.663Z
Avery Harris,avery.harris@snaplogic.com,Environment admin,Designer,members admins,2024-05-09T19:55:48.226Z
Drew Quinn,drew.quinn@onindus.com,User,Designer,members Bootcamp_EMEA_February_2026,2026-02-22T12:14:25.940Z
Charlie Luna,charlie.luna@kalt.group,User,Designer AutoSync,members AgentCreatorBootcamp_EMEA_June_2025,2025-06-15T21:14:06.377Z
Oakley Garcia,oakley.garcia@antemia.com,User,Designer,members AgentCreatorBootcampEMEA_June2026,2025-08-14T09:56:39.145Z
Dana Nash,dana.nash@nienetworks.co.uk,User,Designer,members AgentCreatorBootcamp_EMEA_March_2026,2025-10-13T09:07:06.799Z
Vesper Garcia,vesper.garcia@snaplogic.com,Environment admin,Designer AutoSync,members admins,2024-02-16T19:05:21.715Z
Zion Reyes,zion.reyes@snaplogic.com,Environment admin,Designer,members admins,2026-03-18T17:42:03.335Z
Casey Reyes,casey.reyes@astrazeneca.com,User,Designer,members AgentCreatorBootcamp_AMER_May_2025 AgentCreatorBootcamp_EMEA_June_2025,2025-05-12T15:02:09.388Z
Indira Vance,indira.vance@astrazeneca.com,User,Designer AutoSync,members AgentCreatorBootcamp_EMEA_May_2025,2025-05-18T21:00:17.206Z
Gray Park,gray.park@workday.com,User,Designer,members AgentCreatorBootcampEMEA_June2026,2026-06-24T06:57:46.268Z
Alex Xu,alex.xu@srivensolutions.com,User,Designer,members Sriven AC_Bootcamp_US_February_2026 Bootcamp_EMEA_February_2026,2026-01-07T13:50:57.273Z
Gray York,gray.york@snaplogic.com,User,Designer,members,2026-01-31T17:32:30.785Z
Fern Ueda,fern.ueda@cbre.com,User,Designer,members AgentCreatorBootcamp_EMEA_May_2026 AgentCreatorBootcampEMEA_June2026,2026-05-17T21:18:54.960Z
Finley Vance,finley.vance@accenture.com,User,Designer,members AgentCreatorBootcamp_EMEA_March_2026 AgentCreatorBootcamp_EMEA_May_2026,2025-01-31T05:43:30.897Z
Mack Moss,mack.moss@cognizant.com,User,AutoSync Designer,members AgentCreatorBootcamp_EMEA_June_2025 AgentCreatorBootcamp_EMEA_June_2025_GroupB Cognizant,2024-02-20T13:57:07.302Z
Noel Johal,noel.johal@siemens-energy.com,User,Designer,members AgentCreatorBootcampSiemensEnergy,2026-07-20T05:20:27.669Z
Eden Quinn,eden.quinn@cognizant.com,User,Designer,members Bootcamp_EMEA_February_2026,2025-10-06T06:15:18.832Z
Eden Nash,eden.nash@cognitivelogics.com,User,Designer,members AgentCreatorBootcamp_EMEA_November_2025,2025-11-23T18:46:24.430Z
Lane Tran,lane.tran@accenture.com,User,Designer,members AgentCreatorBootcamp_EMEA_November_2025,2025-05-29T05:56:12.891Z
Umber Grant,umber.grant@yash.com,User,Designer AutoSync,members AgentCreatorBootcamp_EMEA_June_2025,2025-06-15T21:12:13.681Z
Eden Davis,eden.davis@accenture.com,User,Designer,members AgentCreatorBootcamp_EMEA_November_2025,2025-11-23T18:50:28.743Z
Sage York,sage.york@snaplogic.com,Environment admin,Designer AutoSync,members admins,2023-05-02T15:15:05.770Z
Tatum Grant,tatum.grant@snaplogic.com,Environment admin,Designer AutoSync,members admins,2025-04-29T22:39:24.190Z
Taylor Reyes,taylor.reyes@fakemail.com,User,,members,2023-12-01T11:22:44.196Z
Xen Quinn,xen.quinn@yash.com,User,Designer AutoSync,members AgentCreatorBootcamp_EMEA_June_2025,2025-06-15T21:12:24.930Z
Kelly Wells,kelly.wells@cognizant.com,User,Designer AutoSync,members AgentCreatorTraining Cognizant,2025-04-07T08:23:18.628Z
Vale Holt,vale.holt@siemens.com,User,Designer,members AgentCreatorBootcamp_AMEA_August_2025,2025-08-08T15:21:10.947Z
Morgan Brooks,morgan.brooks@rojoconsultancy.com,User,Designer AutoSync,members AgentCreatorBootcamp_EMEA_June_2025,2025-06-15T21:16:44.181Z
Casey Ortiz,casey.ortiz@snaplogic.com,User,Designer,members,2026-01-31T17:32:35.701Z
Hayden Chen,hayden.chen@intelligent-ds.co.uk,User,Designer,members AgentCreatorBootcamp_AMEA_August_2025 AgentCreatorBootcamp_EMEA_January_2026,2025-08-08T15:21:28.248Z
Dana Moss,dana.moss@snaplogic.com,Environment admin,Designer AutoSync,members admins,2025-10-26T22:43:06.910Z
Vesper Ellis,vesper.ellis@accenture.com,User,Designer AutoSync,members AgentCreatorTraining,2025-04-07T08:26:49.581Z
Skyler Nguyen,skyler.nguyen@syncron.com,User,Designer,members AgentCreatorBootcampEMEA_June2026,2026-06-24T06:57:31.186Z
Indira Osei,indira.osei@snaplogic.com,Environment admin,Designer,members admins,2024-05-10T19:26:32.871Z
Vesper Ueda,vesper.ueda@snaplogic.com,Environment admin,Designer,members admins,2023-05-11T12:29:52.144Z
Xen Holt,xen.holt@cognizant.com,User,Designer,members Bootcamp_EMEA_February_2026,2026-02-23T09:21:24.486Z
Indira Brooks,indira.brooks@accenture.com,User,Designer,members AgentCreatorBootcamp_EMEA_November_2025,2025-11-23T18:48:05.440Z
Quinn Baker,quinn.baker@collinsongroup.com,User,Designer AutoSync,members AgentCreatorBootcamp_EMEA_June_2025,2025-06-15T21:15:25.681Z
Fern Jensen,fern.jensen@snaplogic.com,User,,members_devportal,2026-01-26T12:55:15.953Z
Harper Iyer,harper.iyer@snaplogic.com,Environment admin,,members admins,2024-07-22T13:13:40.415Z
Morgan Diaz,morgan.diaz@snaplogic.com,Environment admin,Designer AutoSync,members admins,2023-10-26T15:33:30.629Z
River Wang,river.wang@snaplogic.com,User,Designer,members,2024-04-04T08:54:27.939Z
Finley Wang,finley.wang@snaplogic.com,User,Designer AutoSync,members test_tbranco,2024-04-04T07:34:43.463Z
Quinn Chen,quinn.chen@snaplogic.com,User,Designer AutoSync,members,2026-01-27T15:27:18.020Z
Harper Davis,harper.davis@snaplogic.com,Environment admin,Designer AutoSync,members admins,2023-09-19T14:33:32.152Z
Uli Torres,uli.torres@allotltd.com,User,Designer,members AgentCreatorBootcamp_EMEA_June_2025 AgentCreatorBootcamp_EMEA_May_2026,2025-06-16T09:57:22.135Z
Alex Quinn,alex.quinn@hpe.com,User,Designer,members AgentCreatorBootcamp_AMER_May_2025 AgentCreatorBootcamp_EMEA_May_2025 AgentCreatorBootcamp_EMEA_June_2025,2025-05-12T15:00:43.128Z
Willow Flynn,willow.flynn@srivensolutions.com,User,Designer,members AgentCreatorBootcamp_EMEA_October_2025 AC_Bootcamp_US_February_2026,2025-10-06T16:12:47.395Z
River Ibarra,river.ibarra@insidetrack.org,User,Designer,members Bootcamp_US_June_2025,2025-06-27T15:56:43.555Z
Umber Zhu,umber.zhu@snaplogic.com,Environment admin,AutoSync Designer,members admins,2026-02-04T15:42:27.896Z
Skyler Reid,skyler.reid@snaplogic.com,Environment admin,Designer AutoSync,members admins,2025-06-11T14:16:47.604Z
Finley Knox,finley.knox@snaplogic.com,User,Designer,members AgentCreatorBootcamp_AMEA_August_2025,2025-08-11T09:09:01.450Z
Zara Zhu,zara.zhu@siemens-energy.com,User,Designer,members AgentCreatorBootcampSiemensEnergy,2026-07-20T05:20:14.993Z
Harper Cooper,harper.cooper@cat.com,User,Designer,members AgentCreatorBootcamp_EMEA_May_2026,2026-05-17T21:19:11.057Z
Blake Holt,blake.holt@gmail.com,User,Designer,members AgentCreatorBootcamp_EMEA_May_2026,2026-05-18T08:41:09.030Z
Lane Chen,lane.chen@gmail.com,User,Designer,members Bootcamp_US_June_2025,2025-07-01T15:48:46.518Z
Oakley Vance,oakley.vance@snaplogic.com,Environment admin,Designer AutoSync,members admins,2025-01-03T19:13:11.822Z
Kelly Kim,kelly.kim@hotmail.fr,User,Designer,members,2025-01-09T17:21:13.877Z
Casey Tran,casey.tran@snaplogic.com,Environment admin,Designer,members admins AgentCreatorBootcamp_AMEA_August_2025,2025-08-08T15:16:18.684Z
Reese Vega,reese.vega@snaplogic.com,Environment admin,Designer AutoSync,members admins,2023-05-04T22:08:32.813Z
Casey Wang,casey.wang@gmail.com,User,Designer,members US_Bootcamp_August_2025,2025-08-07T14:28:33.173Z
Taylor Tran,taylor.tran@snaplogic.com,User,Designer,members US_Bootcamp_August_2025,2024-12-20T08:48:17.790Z
Quinn Flynn,quinn.flynn@dentsu.com,User,Designer,members AgentCreatorBootcamp_EMEA_October_2025,2025-10-06T16:10:56.120Z
Xen Zhang,xen.zhang@nexentbank.com,User,Designer,members AgentCreatorBootcamp_EMEA_May_2026,2026-05-17T21:19:21.350Z
Mack Adams,mack.adams@ea.com,User,Designer,members AC_Bootcamp_US_February_2026,2026-01-31T18:51:25.496Z
Gray Iyer,gray.iyer@accenture.com,User,Designer,members AgentCreatorBootcamp_EMEA_November_2025,2025-06-20T09:12:19.709Z
Oakley Ueda,oakley.ueda@yahoo.com,User,Designer,members AgentCreatorBootcamp_AMEA_August_2025 AgentCreatorBootcamp_EMEA_October_2025 AgentCreatorBootcamp_EMEA_November_2025,2025-08-08T15:24:25.690Z
Zara York,zara.york@mosaicworld.eu,User,Designer,members AgentCreatorBootcamp_EMEA_March_2026,2026-03-22T19:05:03.798Z
Vesper Vance,vesper.vance@mind.org.uk,User,Designer,members Bootcamp_EMEA_February_2026,2024-11-18T18:06:06.325Z
Eden York,eden.york@yash.com,User,Designer,members AgentCreatorBootcamp_AMER_May_2025,2025-05-12T15:00:39.915Z
Tatum Osei,tatum.osei@gmail.com,User,Designer,members AgentCreatorBootcamp_AMER_May_2025,2025-05-15T16:00:57.848Z
Nash Iyer,nash.iyer@siemens-energy.com,User,Designer,members AgentCreatorBootcampSiemensEnergy,2026-07-20T05:20:07.560Z
Uli Adams,uli.adams@yash.com,User,Designer,members AgentCreatorBootcamp_EMEA_June_2025,2025-06-15T21:12:43.753Z
Zion Reyes,zion.reyes@bluealtair.com,User,Designer,members AC_Bootcamp_US_February_2026,2026-01-31T18:51:33.111Z
Finley Quinn,finley.quinn@siemens-energy.com,User,Designer,members AgentCreatorBootcampSiemensEnergy,2026-07-19T12:43:02.276Z
Xander Reyes,xander.reyes@siemens-healthineers.com,User,Designer,members AgentCreatorBootcamp_EMEA_May_2026,2026-05-17T21:18:08.080Z
Morgan Yamada,morgan.yamada@cognizant.com,User,Designer AutoSync,members AgentCreatorTraining Cognizant,2025-04-07T08:27:04.235Z
Indira Shah,indira.shah@siemens-energy.com,User,Designer,members AgentCreatorBootcampSiemensEnergy,2026-07-19T12:42:22.925Z
Lee York,lee.york@siemens-healthineers.com,User,Designer,members AgentCreatorBootcamp_EMEA_November_2025,2025-11-23T18:48:50.193Z
Taylor Chen,taylor.chen@itt4u.com,User,Designer,members AC_Bootcamp_US_February_2026,2026-01-31T18:51:58.140Z
Morgan Park,morgan.park@siemens.com,User,Designer,members AgentCreatorBootcamp_EMEA_October_2025,2025-10-06T16:08:13.147Z
Fern Xia,fern.xia@infosys.com,User,Designer,members AgentCreatorBootcamp_EMEA_January_2026,2026-01-11T22:38:36.564Z
Oakley Osei,oakley.osei@deloitte.com,User,Designer,members Bootcamp_EMEA_February_2026,2026-02-22T12:08:25.143Z
Fern Zhu,fern.zhu@siemens-healthineers.com,User,Designer,members AgentCreatorBootcamp_EMEA_November_2025,2025-11-23T18:48:45.441Z
Tatum Quinn,tatum.quinn@infosys.com,User,Designer,members US_Bootcamp_August_2025 Infosys,2025-08-07T14:24:58.545Z
Brett Foster,brett.foster@infosys.com,User,Designer,members AgentCreatorBootcamp_EMEA_January_2026,2026-01-11T22:39:06.145Z
Lane Ueda,lane.ueda@infosys.com,User,Designer AutoSync,members AgentCreatorBootcamp_EMEA_June_2025 AgentCreatorBootcamp_EMEA_October_2025 AgentCreatorBootcamp_EMEA_November_2025 Infosys,2025-06-15T21:25:15.829Z
Nash Park,nash.park@yash.com,User,Designer,members AgentCreatorBootcamp_AMER_May_2025,2025-05-12T15:00:39.170Z
Finley Wells,finley.wells@siemens-healthineers.com,User,Designer,members AgentCreatorBootcamp_EMEA_November_2025,2025-11-23T18:52:21.181Z
Reese Quinn,reese.quinn@se.com,User,Designer AutoSync,members AgentCreatorTraining,2025-04-07T08:23:33.318Z
Lee Knox,lee.knox@primetherapeutics.com,User,Designer,members AC_Bootcamp_US_February_2026,2026-02-02T17:02:25.719Z
Zara Adams,zara.adams@siemens-energy.com,User,Designer,members AgentCreatorBootcampSiemensEnergy,2026-07-19T12:43:47.158Z
Charlie Wang,charlie.wang@yash.com,User,Designer AutoSync,members AgentCreatorBootcamp_EMEA_June_2025,2025-06-15T21:12:55.930Z
Harper Zhu,harper.zhu@siemens-energy.com,User,Designer,members AgentCreatorBootcampSiemensEnergy,2026-07-20T05:20:30.711Z
Tatum Reid,tatum.reid@emirates.com,User,Designer,members AgentCreatorBootcamp_EMEA_May_2026,2026-05-17T21:19:39.011Z
Jordan Davis,jordan.davis@accenture.com,User,Designer AutoSync,members AgentCreatorTraining,2025-04-07T08:27:21.012Z
Finley Zhu,finley.zhu@infosys.com,User,Designer,members AgentCreatorBootcamp_EMEA_January_2026,2026-01-11T22:26:02.876Z
Tatum Adams,tatum.adams@siemens-healthineers.com,User,Designer,members AgentCreatorBootcamp_EMEA_May_2025 AgentCreatorBootcamp_EMEA_June_2025 AgentCreatorBootcamp_EMEA_March_2026,2025-05-18T21:01:05.813Z
Willow Singh,willow.singh@siemens-energy.com,User,Designer,members AgentCreatorBootcampSiemensEnergy,2026-07-19T12:43:52.839Z
Kelly Vega,kelly.vega@cognizant.com,User,AutoSync Designer,members AgentCreatorBootcamp_EMEA_June_2025 AgentCreatorBootcamp_EMEA_June_2025_GroupB Cognizant,2024-02-21T07:14:40.790Z
Wren Adams,wren.adams@iwconnect.com,User,Designer,members IWC IWConnectDemos Bootcamp_EMEA_February_2026 AgentCreatorBootcamp_EMEA_March_2026,2025-03-25T12:11:26.123Z
Xen Reid,xen.reid@infosys.com,User,Designer,members AgentCreatorBootcamp_EMEA_January_2026,2026-01-11T22:39:23.094Z
Taylor Xu,taylor.xu@veolia.com,User,Designer,members VeoliaAiWorkshop,2025-12-16T17:57:49.438Z
Eden Kim,eden.kim@bravenn.com,User,,members,2024-01-11T10:25:21.889Z
Yael Jensen,yael.jensen@gmail.com,User,Designer,members US_Bootcamp_August_2025,2025-08-07T14:29:44.042Z
Hayden Reid,hayden.reid@accenture.com,User,Designer,members AgentCreatorBootcampEMEA_June2026,2026-06-24T06:56:59.519Z
Xen Moss,xen.moss@siemens-healthineers.com,User,Designer,members AgentCreatorBootcamp_EMEA_November_2025,2025-11-23T18:52:43.460Z
Uli Johal,uli.johal@infosys.com,User,Designer,members AgentCreatorBootcamp_EMEA_January_2026,2026-01-11T22:28:14.199Z
Uli Ueda,uli.ueda@siemens-energy.com,User,Designer,members AgentCreatorBootcampSiemensEnergy,2026-07-19T12:43:37.931Z
Ellis Ueda,ellis.ueda@siemens-healthineers.com,User,Designer,members AgentCreatorBootcamp_EMEA_November_2025,2025-11-23T18:49:09.638Z
Jamie Xu,jamie.xu@contractor.cci.com,User,Designer,members AC_Bootcamp_US_February_2026,2026-01-31T18:51:46.766Z
Lee Cooper,lee.cooper@astrazeneca.com,User,Designer,members AstraZeneca Chennai Team AgentCreatorBootcamp_EMEA_May_2025,2024-05-21T10:26:54.827Z
Ellis Nguyen,ellis.nguyen@infosys.com,User,Designer,members AgentCreatorBootcamp_EMEA_January_2026,2026-01-11T22:40:07.357Z
Taylor Ortiz,taylor.ortiz@snaplogic.com,Environment admin,Designer AutoSync,members admins,2023-05-24T05:32:33.853Z
Devon Holt,devon.holt@snaplogic.com,Environment admin,Designer AutoSync,members admins,2024-01-30T10:19:37.132Z
Gray Vance,gray.vance@snaplogic.com,Environment admin,Designer,members admins,2024-05-09T19:53:20.531Z
Alex Shah,alex.shah@gmail.com,User,Designer,members AgentCreatorBootcamp_AMER_May_2025 AgentCreatorBootcamp_EMEA_June_2025,2025-05-15T15:59:43.516Z
Nash Patel,nash.patel@snaplogic.com,Environment admin,,members admins,2023-10-23T19:51:03.001Z
Kelly Moss,kelly.moss@snaplogic.com,Environment admin,Designer,members admins,2024-05-12T07:07:08.024Z
Drew Patel,drew.patel@snaplogic.com,Environment admin,Designer AutoSync,members admins,2023-04-26T12:21:01.512Z
Xen Evans,xen.evans@conversaaugm.com,User,Designer AutoSync,members AgentCreatorBootcamp_EMEA_May_2025,2025-05-18T21:01:22.596Z
Reese Yamada,reese.yamada@revantage.eu,User,Designer,members AgentCreatorBootcamp_EMEA_January_2026,2025-10-06T13:08:48.355Z
Finley Foster,finley.foster@ecs-gmbh.de,User,Designer,members AgentCreatorBootcampEMEA_June2026,2026-06-24T06:57:42.310Z
Jamie Holt,jamie.holt@nienetworks.co.uk,User,Designer,members AgentCreatorBootcamp_EMEA_March_2026,2025-10-20T13:26:15.802Z
Yael Miller,yael.miller@siemens-energy.com,User,Designer,members AgentCreatorBootcampSiemensEnergy,2026-07-20T05:20:35.452Z
Dana Johal,dana.johal@siemens.com,User,Designer,members AgentCreatorBootcampEMEA_June2026,2026-06-24T06:58:32.715Z
Nash Cooper,nash.cooper@siemens-energy.com,User,Designer,members AgentCreatorBootcampSiemensEnergy,2026-07-19T12:43:06.104Z
Zion Nash,zion.nash@gmail.com,User,Designer,members AgentCreatorBootcamp_EMEA_May_2026,2026-05-17T21:18:04.030Z
Parker Quinn,parker.quinn@informa.com,User,Designer AutoSync,members AgentCreatorBootcamp_EMEA_June_2025,2025-06-15T21:13:21.930Z
Morgan Evans,morgan.evans@yash.com,User,Designer,members AgentCreatorBootcamp_AMER_May_2025,2025-05-12T15:00:38.527Z
Mack Diaz,mack.diaz@deloitte.com,User,Designer,members Bootcamp_EMEA_February_2026,2026-02-22T12:07:27.358Z
Avery Vega,avery.vega@gmail.com,User,Designer,members AC_Bootcamp_US_February_2026,2026-01-31T18:48:27.944Z
Mack Moss,mack.moss@snaplogic.com,Environment admin,AutoSync Designer,members admins,2025-07-16T14:54:00.777Z
Jordan Shah,jordan.shah@accenture.com,User,Designer,members AgentCreatorBootcampEMEA_June2026,2026-06-24T06:57:23.575Z
Drew Jensen,drew.jensen@gmail.com,User,Designer,members AgentCreatorBootcamp_EMEA_March_2026 AgentCreatorBootcamp_EMEA_May_2026,2026-03-22T19:04:09.342Z
Kai Diaz,kai.diaz@jems-group.com,User,Designer,members AgentCreatorTraining,2023-12-11T11:50:39.145Z
Xen Baker,xen.baker@partner.pladisglobal.com,User,Designer,members Bootcamp_EMEA_February_2026 AgentCreatorBootcamp_EMEA_March_2026 AgentCreatorBootcamp_EMEA_May_2026,2025-09-04T08:38:23.950Z
Casey Reyes,casey.reyes@accenture.com,User,Designer,members AgentCreatorBootcamp_EMEA_November_2025,2025-11-23T18:51:07.373Z
Wren Miller,wren.miller@test.com,User,,members_devportal,2025-06-17T09:34:07.169Z
Vale Johal,vale.johal@test.de,User,,members_devportal,2025-07-02T14:26:42.196Z
